BLUE,GREEN,RED,NIR,NDVI,Landcover
0.2186,0.2715,0.2688,0.2799,0.10793713,builtup
0.2206,0.283,0.2684,0.2716,0.12390786,builtup
0.2318,0.2909,0.2921,0.2879,0.11306674,builtup
0.2424,0.3219,0.3152,0.312,0.14088252,builtup
0.2363,0.299,0.2931,0.3011,0.117130555,builtup
0.2496,0.3281,0.3146,0.3181,0.13588367,builtup
0.2423,0.3164,0.3082,0.3107,0.1326293,builtup
0.2464,0.3232,0.3095,0.3135,0.13483144,builtup
0.2464,0.3232,0.3095,0.3135,0.13483144,builtup
0.2305,0.3016,0.2906,0.3148,0.13362151,builtup
0.2275,0.3023,0.2941,0.3149,0.14118536,builtup
0.2214,0.2974,0.2871,0.3132,0.14649191,builtup
0.2289,0.2896,0.2807,0.2901,0.117068484,builtup
0.203,0.2591,0.2501,0.2621,0.12140229,builtup
0.2184,0.2747,0.2763,0.2788,0.114175595,builtup
0.2269,0.2934,0.2843,0.2927,0.12781087,builtup
0.2019,0.2522,0.2529,0.2547,0.11076856,builtup
0.2452,0.319,0.3105,0.3111,0.1308047,builtup
0.2181,0.271,0.2612,0.2732,0.10815785,builtup
0.2485,0.3225,0.3093,0.3061,0.12959717,builtup
0.2485,0.3225,0.3093,0.3061,0.12959717,builtup
0.2471,0.3219,0.3047,0.3137,0.13145873,builtup
0.2423,0.3169,0.303,0.3091,0.13340487,builtup
0.2422,0.3232,0.3085,0.31095,0.14326139,builtup
0.2309,0.298,0.2866,0.2993,0.12686709,builtup
0.2289,0.2991,0.2865,0.2999,0.13295457,builtup
0.2429,0.3141,0.3065,0.3107,0.12782764,builtup
0.2335,0.2958,0.2903,0.2957,0.117702626,builtup
0.2201,0.2773,0.2727,0.2845,0.11499799,builtup
0.2365,0.3005,0.3007,0.3035,0.11918065,builtup
0.1911,0.2412,0.2381,0.2511,0.11589174,builtup
0.1911,0.2412,0.2381,0.2511,0.11589174,builtup
0.2415,0.3093,0.3,0.2989,0.12309368,builtup
0.2065,0.2674,0.2566,0.2701,0.12850814,builtup
0.2196,0.2746,0.2742,0.28425,0.11129096,builtup
0.2294,0.2861,0.2826,0.2932,0.10999031,builtup
0.2432,0.3126,0.3035,0.3152,0.12486504,builtup
0.2477,0.3246,0.3145,0.3289,0.13437009,builtup
0.2495,0.3302,0.3171,0.3324,0.1392099,builtup
0.2458,0.3211,0.3194,0.3232,0.13282764,builtup
0.242,0.314,0.3091,0.3165,0.12949643,builtup
0.2389,0.3103,0.3024,0.3174,0.13000727,builtup
0.2278,0.293,0.28,0.2977,0.12519205,builtup
0.2278,0.293,0.28,0.2977,0.12519205,builtup
0.2403,0.3142,0.3017,0.3129,0.13327324,builtup
0.2169,0.2764,0.2693,0.2774,0.12061624,builtup
0.2226,0.2878,0.2857,0.28815,0.12774298,builtup
0.2093,0.2644,0.2619,0.2701,0.11631837,builtup
0.2633,0.3498,0.3348,0.3344,0.14108627,builtup
0.2655,0.348,0.3365,0.3449,0.13447429,builtup
0.264,0.3464,0.336,0.34215,0.13499345,builtup
0.2591,0.345,0.325,0.3396,0.14219502,builtup
0.2545,0.3355,0.3277,0.3354,0.13728812,builtup
0.2469,0.3308,0.3199,0.3335,0.14523107,builtup
0.2446,0.3199,0.3121,0.3217,0.13339241,builtup
0.2446,0.3199,0.3121,0.3217,0.13339241,builtup
0.2477,0.3194,0.3175,0.3289,0.12643273,builtup
0.2403,0.3109,0.3022,0.3114,0.12808418,builtup
0.2384,0.3106,0.3001,0.31805,0.13151187,builtup
0.2297,0.2962,0.291,0.3042,0.12644991,builtup
0.2587,0.3285,0.3235,0.3336,0.118869185,builtup
0.2627,0.3414,0.331,0.3438,0.13027646,builtup
0.2585,0.3363,0.3341,0.3484,0.13080023,builtup
0.2598,0.3449,0.3396,0.35,0.14073099,builtup
0.2613,0.3532,0.3417,0.3479,0.14955246,builtup
0.2609,0.3514,0.3378,0.3447,0.14780337,builtup
0.2609,0.3514,0.3378,0.3447,0.14780337,builtup
0.2566,0.3486,0.3333,0.3381,0.15201588,builtup
0.2583,0.3407,0.3245,0.3385,0.1375626,builtup
0.2529,0.3294,0.3194,0.3307,0.13137558,builtup
0.2528,0.3317,0.3232,0.3333,0.13498719,builtup
0.2486,0.331,0.318,0.3288,0.142167,builtup
0.5196,0.5504,0.5456,0.5272,0.02878509,builtup
0.4624,0.4892,0.4824,0.4576,0.028163102,builtup
0.4006,0.4184,0.4196,0.41,0.021733826,builtup
0.3394,0.3646,0.3696,0.354,0.03579547,builtup
0.3958,0.4208,0.4368,0.4026,0.030614752,builtup
0.4051,0.394,0.3792,0.4008,-0.01389062,builtup
0.4366,0.4322,0.4252,0.4238,-0.0050644395,builtup
0.4366,0.4322,0.4252,0.4238,-0.0050644395,builtup
0.4862,0.4844,0.4726,0.443,-0.0018545237,builtup
0.488,0.4962,0.4826,0.4616,0.008331629,builtup
0.4097,0.4206,0.4232,0.3993,0.013127775,builtup
0.3725,0.3898,0.3944,0.3884,0.022694489,builtup
0.3824,0.3914,0.3892,0.3796,0.011630916,builtup
0.3834,0.4036,0.3934,0.3814,0.025667109,builtup
0.384,0.4124,0.3992,0.3852,0.035660475,builtup
0.396,0.416,0.4036,0.383,0.024630554,builtup
0.395,0.4164,0.4062,0.3784,0.026374137,builtup
0.383,0.4074,0.3946,0.3764,0.030870477,builtup
0.4832,0.482,0.4816,0.464,-0.0012432866,builtup
0.44,0.446,0.452,0.4384,0.0067720227,builtup
0.3832,0.4048,0.3942,0.399,0.027411178,builtup
0.3518,0.364,0.3846,0.3487,0.017043864,builtup
0.4144,0.4268,0.3956,0.4228,0.014740848,builtup
0.3592,0.3337,0.316,0.3558,-0.036801845,builtup
0.3891,0.3609,0.3514,0.3836,-0.037599962,builtup
0.3891,0.3609,0.3514,0.3836,-0.037599962,builtup
0.4356,0.4232,0.4135,0.4338,-0.014438752,builtup
0.496,0.4956,0.4816,0.4566,-0.0004033953,builtup
0.4584,0.494,0.4816,0.452,0.037379228,builtup
0.422,0.4406,0.4272,0.416,0.021562738,builtup
0.4228,0.4388,0.4256,0.4132,0.018570105,builtup
0.405,0.422,0.4108,0.3982,0.020556215,builtup
0.389,0.4092,0.3994,0.3946,0.025306959,builtup
0.388,0.4072,0.3962,0.3828,0.024144866,builtup
0.3818,0.3974,0.3852,0.3768,0.02002053,builtup
0.3738,0.3802,0.3826,0.371,0.008488049,builtup
0.4424,0.4572,0.4548,0.4395,0.016451737,builtup
0.4268,0.4432,0.4436,0.4176,0.018850552,builtup
0.3892,0.389,0.3904,0.3959,-0.0002570077,builtup
0.396,0.4256,0.4188,0.384,0.03602726,builtup
0.4196,0.3826,0.3904,0.4232,-0.046123162,builtup
0.3451,0.308,0.3037,0.3509,-0.056805983,builtup
0.3451,0.308,0.3037,0.3509,-0.056805983,builtup
0.35,0.3237,0.3135,0.3798,-0.039038125,builtup
0.417,0.3917,0.3885,0.429,-0.031284776,builtup
0.4556,0.4662,0.4606,0.4344,0.011499241,builtup
0.4093,0.43,0.4364,0.4101,0.024663419,builtup
0.422,0.4272,0.4232,0.4202,0.0061234087,builtup
0.4432,0.4568,0.45,0.4356,0.015111135,builtup
0.4512,0.4592,0.4488,0.4352,0.008787331,builtup
0.4588,0.4728,0.4628,0.4356,0.015027908,builtup
0.446,0.4676,0.4492,0.4232,0.02364271,builtup
0.4284,0.45,0.4388,0.424,0.02459014,builtup
0.4128,0.43,0.422,0.41,0.020408155,builtup
0.412,0.4236,0.4256,0.4059,0.013882225,builtup
0.4053,0.4093,0.4226,0.4034,0.0049103955,builtup
0.3747,0.382,0.3787,0.3693,0.0096471375,builtup
0.4442,0.4502,0.4474,0.3966,0.006708388,builtup
0.4426,0.4388,0.4432,0.4368,-0.0043113283,builtup
0.4024,0.3958,0.3786,0.4016,-0.008268595,builtup
0.4024,0.3958,0.3786,0.4016,-0.008268595,builtup
0.4188,0.3992,0.3802,0.4288,-0.023960887,builtup
0.4508,0.4568,0.442,0.4424,0.006610855,builtup
0.4108,0.4252,0.4228,0.398,0.017224852,builtup
0.3482,0.3626,0.3664,0.3548,0.020258872,builtup
0.3286,0.344,0.3566,0.352,0.022896256,builtup
0.3684,0.3776,0.3874,0.3664,0.012332448,builtup
0.3974,0.4108,0.4112,0.386,0.016580077,builtup
0.4144,0.4332,0.4228,0.3962,0.022180263,builtup
0.4156,0.4416,0.424,0.4064,0.030331302,builtup
0.4476,0.454,0.4452,0.4312,0.0070984797,builtup
0.4512,0.4552,0.4416,0.4264,0.004413039,builtup
0.4104,0.4124,0.4176,0.402,0.002430729,builtup
0.413,0.4232,0.4272,0.4097,0.012198067,builtup
0.3718,0.3892,0.3934,0.3795,0.022864645,builtup
0.4348,0.452,0.465,0.4178,0.019395571,builtup
0.4936,0.4968,0.5166,0.4464,0.0032310123,builtup
0.4804,0.4924,0.494,0.4604,0.01233552,builtup
0.4804,0.4924,0.494,0.4604,0.01233552,builtup
0.4956,0.4928,0.4792,0.4672,-0.0028328488,builtup
0.4112,0.4292,0.44,0.4026,0.021418381,builtup
0.4082,0.4144,0.4082,0.3798,0.0075370963,builtup
0.4,0.4196,0.4112,0.3912,0.02391411,builtup
0.3782,0.3982,0.3984,0.3794,0.025759932,builtup
0.3802,0.3978,0.393,0.371,0.022622108,builtup
0.3728,0.3952,0.3906,0.3626,0.029166695,builtup
0.3458,0.3706,0.378,0.3496,0.03461749,builtup
0.3294,0.3492,0.3606,0.3462,0.029177729,builtup
0.347,0.3762,0.3796,0.3592,0.04037609,builtup
0.3748,0.3868,0.3934,0.3594,0.015756294,builtup
0.3811,0.3951,0.3886,0.3799,0.018036587,builtup
0.4128,0.4264,0.4292,0.4101,0.0162059,builtup
0.4292,0.4526,0.4576,0.4306,0.02653664,builtup
0.4606,0.4898,0.4992,0.4552,0.030723924,builtup
0.4894,0.5018,0.5128,0.4448,0.01251009,builtup
0.5108,0.5104,0.5192,0.4604,-0.0003917027,builtup
0.5108,0.5104,0.5192,0.4604,-0.0003917027,builtup
0.4284,0.4572,0.4484,0.4176,0.032520305,builtup
0.373,0.3776,0.3786,0.3698,0.006128455,builtup
0.4004,0.4196,0.4304,0.3918,0.023414629,builtup
0.4516,0.4624,0.4628,0.42,0.011816197,builtup
0.4424,0.464,0.4452,0.4136,0.023830514,builtup
0.4344,0.4452,0.4356,0.4124,0.012278313,builtup
0.4352,0.4312,0.4224,0.396,-0.0046168147,builtup
0.4128,0.4144,0.4062,0.3794,0.0019342325,builtup
0.3764,0.404,0.402,0.3724,0.0353665,builtup
0.374,0.4,0.402,0.3628,0.03359172,builtup
0.348,0.3736,0.372,0.3488,0.03547674,builtup
0.2534,0.268,0.2728,0.2769,0.028001552,builtup
0.279,0.3076,0.3091,0.3039,0.0487555,builtup
0.3521,0.383,0.3708,0.3496,0.04203506,builtup
0.3889,0.3996,0.4053,0.3967,0.0135700535,builtup
0.3889,0.4074,0.4128,0.3869,0.023232449,builtup
0.3889,0.4074,0.4128,0.3869,0.023232449,builtup
0.4016,0.42,0.4196,0.3893,0.022395307,builtup
0.398,0.4208,0.4014,0.3892,0.027845627,builtup
0.3566,0.3724,0.373,0.3466,0.021673525,builtup
0.4188,0.432,0.4392,0.4014,0.015514826,builtup
0.4416,0.4608,0.444,0.414,0.021276591,builtup
0.4372,0.4436,0.444,0.4116,0.0072661093,builtup
0.4384,0.4468,0.4432,0.4108,0.009489373,builtup
0.4352,0.4452,0.4388,0.4116,0.011358462,builtup
0.446,0.4492,0.4428,0.414,0.0035746142,builtup
0.4556,0.4588,0.4472,0.4096,0.0034995566,builtup
0.4308,0.444,0.4356,0.4112,0.01508918,builtup
0.4364,0.4328,0.4368,0.4244,-0.004141741,builtup
0.337,0.3687,0.3759,0.3475,0.044919915,builtup
0.2916,0.3122,0.3135,0.3197,0.034117293,builtup
0.2693,0.3161,0.3255,0.3039,0.07994532,builtup
0.2693,0.3161,0.3255,0.3039,0.07994532,builtup
0.388,0.4164,0.416,0.3922,0.035305787,builtup
0.383,0.4298,0.4272,0.3904,0.05757876,builtup
0.277,0.3105,0.3111,0.32665,0.057021257,builtup
0.2834,0.3278,0.3146,0.3102,0.072643995,builtup
0.3856,0.4404,0.4324,0.3963,0.06634383,builtup
0.3737,0.4117,0.4224,0.3866,0.04838301,builtup
0.2523,0.2873,0.2976,0.3067,0.064862855,builtup
0.2475,0.2737,0.2744,0.2909,0.050268605,builtup
0.2579,0.302,0.2982,0.3116,0.078764044,builtup
0.2489,0.2915,0.2822,0.2921,0.0788305,builtup
0.2489,0.2915,0.2822,0.2921,0.0788305,builtup
0.2793,0.3044,0.313,0.3076,0.04300153,builtup
0.3678,0.3995,0.4009,0.378,0.041313715,builtup
0.3455,0.401,0.384,0.3635,0.07434695,builtup
0.2591,0.2872,0.2959,0.30485,0.051436964,builtup
0.2829,0.3151,0.3223,0.3131,0.053846166,builtup
0.3782,0.4048,0.408,0.3844,0.033971906,builtup
0.3341,0.3831,0.3889,0.3606,0.068321235,builtup
0.2416,0.27,0.2849,0.2932,0.055512123,builtup
0.2309,0.2436,0.2591,0.2716,0.026764998,builtup
0.2087,0.2336,0.2422,0.2817,0.05629664,builtup
0.2117,0.2409,0.2419,0.27805,0.064516105,builtup
0.2117,0.2409,0.2419,0.27805,0.064516105,builtup
0.2952,0.3076,0.3204,0.3149,0.020570671,builtup
0.3817,0.4266,0.4392,0.4016,0.055548683,builtup
0.3718,0.3994,0.4038,0.3802,0.03578837,builtup
0.2663,0.2937,0.3093,0.307,0.0489286,builtup
0.3052,0.3314,0.3466,0.3391,0.041156135,builtup
0.4001,0.427,0.4406,0.39895,0.032523267,builtup
0.3557,0.3984,0.3987,0.3759,0.056623824,builtup
0.2385,0.2598,0.2757,0.2849,0.04274531,builtup
0.2786,0.3098,0.3164,0.3099,0.053025138,builtup
0.2048,0.2172,0.238,0.278,0.02938389,builtup
0.2007,0.2231,0.2347,0.2801,0.052855138,builtup
0.2007,0.2231,0.2347,0.2801,0.052855138,builtup
0.297,0.3217,0.3306,0.3233,0.039922442,builtup
0.3903,0.4744,0.4592,0.4136,0.09725917,builtup
0.3862,0.4208,0.4208,0.3983,0.04287483,builtup
0.2811,0.3216,0.3275,0.3166,0.06719758,builtup
0.3301,0.3456,0.3606,0.3464,0.022939187,builtup
0.4024,0.4558,0.4594,0.4071,0.062223274,builtup
0.3735,0.4083,0.4032,0.3894,0.04451269,builtup
0.2484,0.2736,0.2886,0.2766,0.048275877,builtup
0.3153,0.3288,0.3477,0.3316,0.020959487,builtup
0.2058,0.2219,0.2345,0.287,0.03764322,builtup
0.2076,0.2253,0.2407,0.2789,0.040887043,builtup
0.2076,0.2253,0.2407,0.2789,0.040887043,builtup
0.2865,0.329,0.3266,0.3133,0.06904954,builtup
0.3867,0.444,0.4376,0.4011,0.06897797,builtup
0.3603,0.4003,0.4052,0.3777,0.05259005,builtup
0.2667,0.3096,0.3082,0.3083,0.07444038,builtup
0.3198,0.3408,0.3493,0.3314,0.03178928,builtup
0.375,0.4214,0.4266,0.3916,0.05826219,builtup
0.346,0.3709,0.3873,0.3742,0.034732904,builtup
0.2454,0.2764,0.2873,0.2815,0.059409745,builtup
0.3182,0.3428,0.3439,0.32785,0.037216336,builtup
0.2137,0.2334,0.2416,0.3003,0.044061746,builtup
0.2137,0.2334,0.2416,0.3003,0.044061746,builtup
0.2173,0.2365,0.2478,0.2718,0.04230938,builtup
0.2888,0.3252,0.3307,0.3194,0.059283376,builtup
0.383,0.4128,0.4204,0.3858,0.03744663,builtup
0.3431,0.3889,0.3875,0.3685,0.06256831,builtup
0.2618,0.2881,0.299,0.3004,0.0478269,builtup
0.3063,0.3431,0.3507,0.3295,0.05666769,builtup
0.3779,0.419,0.4174,0.3863,0.051574845,builtup
0.3298,0.3644,0.371,0.3445,0.049841527,builtup
0.2481,0.2652,0.2729,0.2854,0.033313833,builtup
0.3325,0.3512,0.351,0.3397,0.027351182,builtup
0.2189,0.2357,0.2436,0.3002,0.03695557,builtup
0.2189,0.2357,0.2436,0.3002,0.03695557,builtup
0.2073,0.2296,0.2443,0.2862,0.051041402,builtup
0.3032,0.3329,0.3414,0.32925,0.046690743,builtup
0.4058,0.451,0.4294,0.4054,0.05275442,builtup
0.3674,0.4206,0.4034,0.3795,0.0675127,builtup
0.2692,0.2839,0.2931,0.2989,0.026577465,builtup
0.3275,0.3706,0.3763,0.3418,0.06173901,builtup
0.4059,0.426,0.429,0.4079,0.024161555,builtup
0.3475,0.386,0.3838,0.3666,0.052488085,builtup
0.2501,0.2679,0.2794,0.2992,0.034362942,builtup
0.3881,0.414,0.4152,0.3713,0.032290246,builtup
0.2008,0.2273,0.225,0.2775,0.06190143,builtup
0.2008,0.2273,0.225,0.2775,0.06190143,builtup
0.1996,0.2277,0.2392,0.2699,0.06576176,builtup
0.2841,0.3,0.3073,0.3191,0.027221393,builtup
0.3396,0.3877,0.3899,0.3715,0.06613501,builtup
0.3286,0.3478,0.3465,0.3633,0.028385568,builtup
0.2488,0.2706,0.2779,0.2903,0.041971497,builtup
0.2862,0.3265,0.3354,0.3261,0.06577446,builtup
0.2909,0.3325,0.3541,0.3585,0.066730864,builtup
0.2635,0.3003,0.2912,0.3369,0.06527137,builtup
0.2275,0.2446,0.2531,0.2795,0.03622112,builtup
0.4107,0.4334,0.437,0.3933,0.026892561,builtup
0.2227,0.2491,0.2468,0.26655,0.055955913,builtup
0.2227,0.2491,0.2468,0.26655,0.055955913,builtup
0.2091,0.2363,0.2426,0.26315,0.061068732,builtup
0.2278,0.2521,0.262,0.27325,0.050635535,builtup
0.2242,0.2643,0.2742,0.3021,0.08208801,builtup
0.2167,0.2431,0.2542,0.2955,0.057416268,builtup
0.1988,0.2267,0.2399,0.2664,0.06556991,builtup
0.2045,0.231,0.2498,0.2689,0.0608496,builtup
0.1993,0.236,0.2448,0.2706,0.08430966,builtup
0.1883,0.2203,0.2285,0.2787,0.07831621,builtup
0.203,0.2322,0.2397,0.2576,0.0670956,builtup
0.3698,0.379,0.3871,0.3681,0.012286333,builtup
0.3635,0.4115,0.4046,0.375,0.061935496,builtup
0.3169,0.3493,0.3577,0.3402,0.048634015,builtup
0.3032,0.3301,0.3297,0.3274,0.04247591,builtup
0.2975,0.3253,0.3286,0.3321,0.044637114,builtup
0.2889,0.316,0.3173,0.3213,0.044800837,builtup
0.2454,0.2682,0.2736,0.2988,0.04439255,builtup
0.2496,0.2675,0.2764,0.2946,0.03461617,builtup
0.2657,0.289,0.3009,0.3051,0.04200467,builtup
0.2879,0.3233,0.3305,0.3207,0.057918854,builtup
0.2505,0.2795,0.2901,0.3171,0.05471701,builtup
0.2072,0.2375,0.2411,0.2719,0.068135805,builtup
0.3497,0.3864,0.3774,0.3534,0.04985737,builtup
0.3991,0.4286,0.4374,0.396,0.03564094,builtup
0.3625,0.3955,0.3957,0.37495,0.04353561,builtup
0.3551,0.4083,0.4004,0.3739,0.069688246,builtup
0.3988,0.4456,0.4344,0.398,0.05542399,builtup
0.3866,0.4386,0.4204,0.387,0.06301505,builtup
0.3074,0.3169,0.327,0.3277,0.015217085,builtup
0.3275,0.3765,0.3705,0.3662,0.06960231,builtup
0.3885,0.4404,0.4246,0.3984,0.0626131,builtup
0.3921,0.438,0.429,0.3964,0.05529453,builtup
0.3106,0.3388,0.3481,0.3547,0.0434247,builtup
0.2266,0.2511,0.2729,0.2996,0.051287413,builtup
0.4178,0.4436,0.4358,0.3843,0.02995123,builtup
0.3424,0.3757,0.3796,0.351,0.046372347,builtup
0.3215,0.3534,0.3577,0.3395,0.047266245,builtup
0.3321,0.3725,0.3649,0.3551,0.057337496,builtup
0.3604,0.4015,0.4065,0.3818,0.053944085,builtup
0.3566,0.3927,0.3861,0.373,0.0481783,builtup
0.2816,0.3096,0.3202,0.3416,0.047361296,builtup
0.3403,0.3819,0.3781,0.3592,0.057601795,builtup
0.3823,0.4168,0.4134,0.3927,0.043173574,builtup
0.3728,0.4017,0.4062,0.3812,0.037314393,builtup
0.2901,0.3345,0.3361,0.3393,0.0710855,builtup
0.2502,0.2654,0.277,0.285,0.029480198,builtup
0.4362,0.4738,0.4602,0.4024,0.041318696,builtup
0.2776,0.3134,0.3256,0.3239,0.060575318,builtup
0.2671,0.2994,0.3068,0.3181,0.05701676,builtup
0.2788,0.3115,0.3247,0.32455,0.055395562,builtup
0.291,0.3347,0.342,0.3325,0.06984174,builtup
0.291,0.3207,0.333,0.3359,0.04855318,builtup
0.2518,0.2801,0.2914,0.3246,0.053205468,builtup
0.3023,0.3384,0.3345,0.3372,0.056344625,builtup
0.3163,0.3459,0.3519,0.3427,0.04469948,builtup
0.2937,0.3279,0.3378,0.3215,0.055019274,builtup
0.2507,0.2772,0.29,0.3129,0.050198935,builtup
0.2353,0.2571,0.2633,0.2793,0.04427291,builtup
0.3912,0.4116,0.4047,0.382,0.025411045,builtup
0.3564,0.399,0.4008,0.3708,0.056393933,builtup
0.3196,0.34,0.3382,0.3254,0.030927861,builtup
0.3254,0.3378,0.3326,0.3322,0.018697226,builtup
0.327,0.3532,0.3596,0.3338,0.03851808,builtup
0.3096,0.331,0.337,0.326,0.03340619,builtup
0.2742,0.2968,0.299,0.3116,0.03957968,builtup
0.3034,0.331,0.3416,0.3448,0.043505657,builtup
0.3396,0.3598,0.3698,0.3662,0.028881919,builtup
0.3822,0.3976,0.39,0.353,0.019748643,builtup
0.3223,0.3415,0.3446,0.3437,0.028924415,builtup
0.2222,0.2452,0.2538,0.2711,0.049208358,builtup
0.3191,0.3425,0.3517,0.3342,0.035368815,builtup
0.3754,0.442,0.404,0.3862,0.08147785,builtup
0.377,0.4128,0.3938,0.3728,0.045327943,builtup
0.4296,0.4696,0.4476,0.4058,0.04448398,builtup
0.4492,0.4764,0.4656,0.428,0.029386327,builtup
0.4112,0.46,0.4516,0.4072,0.05601472,builtup
0.3528,0.3566,0.3576,0.3628,0.0053566042,builtup
0.3696,0.4312,0.4048,0.3864,0.07692308,builtup
0.4352,0.48,0.4524,0.4171,0.04895103,builtup
0.4254,0.4636,0.4612,0.4113,0.04296965,builtup
0.3629,0.3919,0.3745,0.373,0.038420793,builtup
0.2497,0.2688,0.2725,0.2985,0.036837023,builtup
0.3577,0.387,0.3694,0.3512,0.03934471,builtup
0.315,0.3514,0.3576,0.3466,0.054621838,builtup
0.319,0.3204,0.3616,0.33,0.002189543,builtup
0.3742,0.3838,0.3872,0.3614,0.012664925,builtup
0.3444,0.3962,0.3702,0.3773,0.06994331,builtup
0.3826,0.4104,0.4112,0.387,0.03505674,builtup
0.3392,0.332,0.3386,0.3472,-0.01072706,builtup
0.3176,0.364,0.3626,0.3506,0.06807509,builtup
0.3628,0.4132,0.4104,0.3738,0.06494844,builtup
0.335,0.3767,0.3819,0.3567,0.05859211,builtup
0.3211,0.3495,0.3373,0.3403,0.04235014,builtup
0.2504,0.2661,0.2729,0.2915,0.03039687,builtup
0.3836,0.4047,0.3955,0.3514,0.026766477,builtup
0.2404,0.2732,0.281,0.2856,0.063862935,builtup
0.2602,0.2844,0.2986,0.2862,0.04443627,builtup
0.2824,0.3056,0.3164,0.3096,0.03945574,builtup
0.3078,0.3064,0.3386,0.3052,-0.002279378,builtup
0.3154,0.3292,0.316,0.3212,0.021408617,builtup
0.2842,0.2996,0.3052,0.3194,0.026378883,builtup
0.2876,0.314,0.3138,0.312,0.043882973,builtup
0.3,0.3298,0.344,0.3199,0.047316603,builtup
0.2842,0.3048,0.3091,0.3148,0.03497452,builtup
0.2538,0.2852,0.2991,0.30255,0.058256015,builtup
0.2257,0.2553,0.2693,0.2809,0.061538417,builtup
0.3495,0.3575,0.3694,0.3357,0.011315398,builtup
0.1932,0.2238,0.259,0.2756,0.07338129,builtup
0.1902,0.2144,0.2404,0.2644,0.059812143,builtup
0.1894,0.2154,0.2318,0.263,0.064229235,builtup
0.2188,0.2496,0.2626,0.2656,0.06575576,builtup
0.2332,0.259,0.274,0.2676,0.052417725,builtup
0.2282,0.2624,0.2754,0.2852,0.06971055,builtup
0.2392,0.272,0.2752,0.2868,0.06416279,builtup
0.2728,0.2972,0.3024,0.3094,0.04280701,builtup
0.2598,0.276,0.2948,0.3058,0.030235175,builtup
0.2474,0.2617,0.2717,0.2977,0.02808879,builtup
0.2249,0.2449,0.2526,0.2884,0.0425713,builtup
0.3171,0.3234,0.3226,0.3074,0.00983607,builtup
0.2008,0.2364,0.2552,0.2868,0.08142725,builtup
0.1924,0.2216,0.2448,0.2976,0.07053141,builtup
0.1892,0.211,0.2258,0.2814,0.054472752,builtup
0.1982,0.2176,0.2362,0.2758,0.04665705,builtup
0.2068,0.2226,0.2394,0.2706,0.036795527,builtup
0.212,0.24,0.2446,0.2684,0.0619469,builtup
0.1978,0.2214,0.2318,0.236,0.056297705,builtup
0.2208,0.2398,0.2256,0.252,0.04125056,builtup
0.2087,0.2425,0.2473,0.3027,0.074911356,builtup
0.2039,0.2227,0.2368,0.2976,0.044069402,builtup
0.205,0.228,0.2477,0.2794,0.05311779,builtup
0.2612,0.2957,0.2956,0.30085,0.061950084,builtup
0.1406,0.1504,0.175,0.1956,0.033676982,builtup
0.1142,0.1282,0.1736,0.1874,0.057755742,builtup
0.1188,0.1276,0.155,0.1848,0.035714287,builtup
0.1326,0.141,0.1402,0.1686,0.030701786,builtup
0.1384,0.1492,0.1598,0.1736,0.037552167,builtup
0.1652,0.1694,0.1836,0.2014,0.012552336,builtup
0.14,0.1484,0.162,0.196,0.02912619,builtup
0.1124,0.1236,0.1406,0.1808,0.04745761,builtup
0.0987,0.1086,0.1208,0.1776,0.047756854,builtup
0.1328,0.149,0.1804,0.2086,0.0574876,builtup
0.1166,0.1224,0.1644,0.1792,0.024267789,builtup
0.1164,0.1208,0.1392,0.1722,0.018549746,builtup
0.1218,0.1274,0.1234,0.17,0.022471903,builtup
0.1376,0.156,0.1636,0.1824,0.06267029,builtup
0.1456,0.1562,0.1688,0.1814,0.0351226,builtup
0.1324,0.1482,0.1668,0.1892,0.05630791,builtup
0.1212,0.1486,0.1542,0.1834,0.10155669,builtup
0.121,0.136,0.1352,0.1923,0.058365792,builtup
0.126,0.1302,0.1666,0.203,0.016393429,builtup
0.1116,0.1242,0.1434,0.1738,0.053435136,builtup
0.1178,0.1302,0.149,0.1778,0.050000004,builtup
0.1164,0.1246,0.1266,0.1704,0.034024887,builtup
0.144,0.1596,0.16,0.1808,0.051383432,builtup
0.1076,0.114,0.134,0.1506,0.028880851,builtup
0.0978,0.107,0.1282,0.1558,0.044921868,builtup
0.119,0.1378,0.147,0.1676,0.07320869,builtup
0.1438,0.147,0.1594,0.1828,0.011004108,builtup
0.1376,0.1362,0.154,0.2032,-0.0051132534,builtup
0.119,0.1202,0.1618,0.1812,0.005016714,builtup
0.1138,0.1292,0.1562,0.1794,0.06337448,builtup
0.1344,0.1426,0.1598,0.1818,0.029602904,builtup
0.1468,0.1578,0.1758,0.191,0.03611296,builtup
0.1032,0.1126,0.129,0.1592,0.04355883,builtup
0.103,0.1116,0.128,0.1694,0.040074542,builtup
0.125,0.1294,0.146,0.1732,0.017295597,builtup
0.1444,0.1484,0.1546,0.1831,0.013661179,builtup
0.137,0.1406,0.1654,0.2112,0.012968305,builtup
0.1514,0.1606,0.1782,0.204,0.0294872,builtup
0.139,0.1366,0.1748,0.1984,-0.008708257,builtup
0.1558,0.1556,0.175,0.203,-0.00064227165,builtup
0.1372,0.1546,0.1694,0.1954,0.059629872,builtup
0.1032,0.1094,0.1316,0.1668,0.029162716,builtup
0.1264,0.138,0.1556,0.1892,0.04387293,builtup
0.1294,0.1314,0.155,0.176,0.007668727,builtup
0.1544,0.1452,0.1548,0.1822,-0.030707631,builtup
0.1196,0.1184,0.1526,0.193,-0.005042008,builtup
0.136,0.1454,0.164,0.203,0.033404388,builtup
0.1366,0.1454,0.1644,0.1996,0.031205673,builtup
0.1432,0.1538,0.1714,0.218,0.03569024,builtup
0.1554,0.1724,0.1758,0.2178,0.05186091,builtup
0.1184,0.13,0.1398,0.1758,0.046698853,builtup
0.1344,0.1474,0.157,0.184,0.04613205,builtup
0.1104,0.1196,0.1444,0.1642,0.04,builtup
0.13,0.138,0.1412,0.1787,0.029850751,builtup
0.121,0.1266,0.1362,0.1866,0.022617117,builtup
0.1352,0.1384,0.1522,0.1882,0.011695942,builtup
0.1244,0.1376,0.1614,0.1856,0.05038171,builtup
0.135,0.1338,0.1502,0.1894,-0.0044643055,builtup
0.1412,0.1504,0.1668,0.2002,0.031550042,builtup
0.1306,0.1384,0.1494,0.1852,0.028996276,builtup
0.1254,0.1388,0.1554,0.1686,0.05071911,builtup
0.112,0.1194,0.1434,0.1714,0.031979248,builtup
0.1294,0.1368,0.1544,0.1836,0.02779867,builtup
0.1226,0.1336,0.1486,0.1824,0.042935207,builtup
0.126,0.1286,0.1456,0.1746,0.010212095,builtup
0.1086,0.1218,0.1404,0.1788,0.057291668,builtup
0.1002,0.1158,0.1424,0.1824,0.07222224,builtup
0.1344,0.1482,0.1654,0.1946,0.04883231,builtup
0.15,0.146,0.1598,0.1896,-0.013513541,builtup
0.1142,0.1266,0.145,0.1604,0.051494993,builtup
0.1114,0.1298,0.1512,0.1802,0.076285265,builtup
0.149,0.1586,0.1764,0.212,0.031209355,builtup
0.1205,0.1269,0.1531,0.1757,0.025869055,builtup
0.123,0.1327,0.1443,0.1801,0.037935052,builtup
0.09995,0.1147,0.1214,0.171,0.068716496,builtup
0.1055,0.1233,0.1323,0.1643,0.07779722,builtup
0.0951,0.1062,0.1304,0.155,0.05514159,builtup
0.1182,0.1254,0.1474,0.1692,0.02955669,builtup
0.1272,0.14,0.1764,0.1976,0.047904167,builtup
0.1444,0.1548,0.1794,0.1932,0.03475935,builtup
0.1078,0.1206,0.1534,0.1716,0.056042038,builtup
0.1164,0.127,0.1464,0.177,0.043549713,builtup
0.1164,0.127,0.1464,0.177,0.043549713,builtup
0.1128,0.1238,0.1293,0.151,0.046491966,builtup
0.09465,0.105,0.1249,0.1757,0.051840708,builtup
0.0983,0.1115,0.1399,0.1798,0.06291706,builtup
0.1388,0.1399,0.1544,0.1717,0.0039469097,builtup
0.1434,0.1567,0.1659,0.1796,0.044318564,builtup
0.1214,0.1348,0.1376,0.1783,0.052302897,builtup
0.1016,0.1146,0.1188,0.1667,0.06012953,builtup
0.1171,0.1215,0.1266,0.1559,0.018440906,builtup
0.1295,0.129,0.1343,0.1535,-0.0019342689,builtup
0.1107,0.1193,0.1233,0.1547,0.037391324,builtup
0.1066,0.1249,0.1241,0.1633,0.07904966,builtup
0.1063,0.1224,0.129,0.1578,0.07039792,builtup
0.1101,0.1248,0.1371,0.1779,0.0625798,builtup
0.1053,0.1233,0.1341,0.176,0.07874016,builtup
0.1102,0.1211,0.1451,0.1646,0.04712494,builtup
0.1327,0.143,0.1619,0.1888,0.037359487,builtup
0.1153,0.1246,0.1402,0.19405,0.038766157,builtup
0.09465,0.1101,0.1137,0.1907,0.07545788,builtup
0.1044,0.1218,0.1246,0.1616,0.076923065,builtup
0.1138,0.1258,0.144,0.1614,0.05008348,builtup
0.117,0.1304,0.148,0.1768,0.05416331,builtup
0.1082,0.121,0.1406,0.1708,0.055846423,builtup
0.1194,0.1366,0.1438,0.1688,0.067187496,builtup
0.106,0.1142,0.1356,0.1562,0.037238896,builtup
0.1032,0.1212,0.135,0.1748,0.0802139,builtup
0.1032,0.1212,0.135,0.1748,0.0802139,builtup
0.1094,0.1189,0.1303,0.1466,0.041611932,builtup
0.1219,0.1289,0.1564,0.1752,0.027910711,builtup
0.1264,0.1394,0.1741,0.1922,0.048908997,builtup
0.1512,0.1597,0.1744,0.1908,0.027340012,builtup
0.1321,0.144,0.1628,0.1829,0.043100305,builtup
0.115,0.1275,0.1318,0.1693,0.051546372,builtup
0.1166,0.1256,0.1328,0.1671,0.037159357,builtup
0.1284,0.1303,0.1454,0.1754,0.0073444233,builtup
0.1327,0.1341,0.1358,0.1814,0.0052474095,builtup
0.1097,0.118,0.1292,0.16285,0.036451466,builtup
0.1082,0.1225,0.1391,0.1691,0.061985277,builtup
0.1146,0.1226,0.1415,0.1613,0.03372679,builtup
0.124,0.1442,0.1568,0.1877,0.07531693,builtup
0.1216,0.1324,0.1536,0.1807,0.0425197,builtup
0.1256,0.1386,0.1634,0.1818,0.04920519,builtup
0.1259,0.1401,0.1632,0.1814,0.053383466,builtup
0.1186,0.1299,0.1515,0.2012,0.0454728,builtup
0.1165,0.1288,0.1304,0.1907,0.050142713,builtup
0.1268,0.1377,0.1496,0.1745,0.041209847,builtup
0.142,0.1528,0.17,0.188,0.03663497,builtup
0.1292,0.1444,0.1604,0.1804,0.055555575,builtup
0.1162,0.1266,0.1352,0.1744,0.042833596,builtup
0.1094,0.1172,0.129,0.1556,0.034421913,builtup
0.1116,0.1282,0.1276,0.1542,0.06922435,builtup
0.1114,0.1232,0.1224,0.163,0.050298374,builtup
0.1114,0.1232,0.1224,0.163,0.050298374,builtup
0.0929,0.1048,0.1151,0.1362,0.060192212,builtup
0.1155,0.1196,0.1361,0.165,0.017439365,builtup
0.1217,0.1306,0.1481,0.1682,0.035275504,builtup
0.1357,0.1504,0.1486,0.1668,0.05138062,builtup
0.1145,0.1265,0.1432,0.1669,0.04979251,builtup
0.1139,0.1209,0.1387,0.1649,0.029812604,builtup
0.1251,0.1361,0.1515,0.1733,0.042113293,builtup
0.1207,0.127,0.1329,0.1723,0.025434002,builtup
0.1267,0.1215,0.1269,0.1773,-0.02095084,builtup
0.1067,0.1239,0.1366,0.1759,0.074588,builtup
0.1213,0.1332,0.1532,0.1924,0.04675838,builtup
0.1056,0.1162,0.137,0.1662,0.047790807,builtup
0.1142,0.1334,0.1443,0.1671,0.07754439,builtup
0.1232,0.1337,0.1601,0.1814,0.04087193,builtup
0.1253,0.1491,0.1574,0.1816,0.0867347,builtup
0.1161,0.1325,0.1582,0.1921,0.06596941,builtup
0.1131,0.1245,0.1467,0.184,0.047979794,builtup
0.1159,0.1325,0.1482,0.166,0.066827655,builtup
0.1397,0.1557,0.1654,0.1806,0.054163855,builtup
0.1444,0.154,0.16,0.1826,0.032171577,builtup
0.129,0.136,0.1568,0.1784,0.026415149,builtup
0.135,0.1466,0.1628,0.1844,0.04119314,builtup
0.1382,0.1466,0.1466,0.181,0.029494358,builtup
0.1238,0.1362,0.1456,0.1634,0.047692284,builtup
0.121,0.1306,0.1402,0.1588,0.038155828,builtup
0.121,0.1306,0.1402,0.1588,0.038155828,builtup
0.107,0.1202,0.1294,0.1481,0.058098592,builtup
0.1146,0.1194,0.1339,0.1567,0.020512817,builtup
0.127,0.1351,0.144,0.1652,0.030904245,builtup
0.129,0.1365,0.1524,0.1708,0.028248616,builtup
0.1246,0.1267,0.1439,0.1679,0.008356539,builtup
0.119,0.1233,0.1447,0.1768,0.017746588,builtup
0.1203,0.1345,0.1475,0.173,0.055729963,builtup
0.1203,0.1289,0.1392,0.1624,0.03451045,builtup
0.119,0.1281,0.1317,0.1776,0.036827154,builtup
0.1197,0.1369,0.1406,0.1839,0.06703037,builtup
0.1335,0.1512,0.159,0.1972,0.062170718,builtup
0.1193,0.1303,0.1418,0.1713,0.044070512,builtup
0.106,0.1263,0.1376,0.1696,0.08738703,builtup
0.1159,0.1296,0.1496,0.1946,0.055804484,builtup
0.1209,0.1346,0.1623,0.1877,0.053620357,builtup
0.1269,0.1374,0.1549,0.1833,0.03972758,builtup
0.108,0.1192,0.1342,0.1618,0.049295757,builtup
0.1161,0.1211,0.14,0.1623,0.02107927,builtup
0.1552,0.1697,0.178,0.1926,0.044629093,builtup
0.1714,0.1764,0.1938,0.2074,0.014376107,builtup
0.1534,0.1604,0.1706,0.1926,0.022307198,builtup
0.1408,0.159,0.168,0.1848,0.060707126,builtup
0.132,0.137,0.154,0.1836,0.018587343,builtup
0.135,0.1454,0.15,0.1638,0.037089862,builtup
0.135,0.1454,0.15,0.1638,0.037089862,builtup
0.1412,0.152,0.1682,0.1742,0.036834884,builtup
0.1231,0.1325,0.14,0.1552,0.036776196,builtup
0.1133,0.1176,0.1299,0.1541,0.018622773,builtup
0.1234,0.1362,0.1485,0.1731,0.0493066,builtup
0.1381,0.1532,0.1687,0.1842,0.051836602,builtup
0.1385,0.145,0.1558,0.1762,0.022927657,builtup
0.1209,0.1139,0.1346,0.1956,-0.029812604,builtup
0.1141,0.1201,0.1339,0.1797,0.025619118,builtup
0.1181,0.1239,0.1409,0.1613,0.023966918,builtup
0.1247,0.1364,0.1479,0.1909,0.044810407,builtup
0.1147,0.133,0.1412,0.1795,0.07387971,builtup
0.136,0.1489,0.1584,0.1886,0.045279026,builtup
0.1277,0.1425,0.1508,0.1843,0.05477423,builtup
0.1167,0.1264,0.1489,0.1822,0.03990125,builtup
0.1236,0.1412,0.1577,0.2165,0.06646528,builtup
0.1323,0.1472,0.1601,0.21735,0.053309474,builtup
0.1166,0.1216,0.1353,0.1596,0.020990774,builtup
0.1067,0.1186,0.1272,0.152,0.052818462,builtup
0.1128,0.1276,0.1327,0.1719,0.061564047,builtup
0.1244,0.1362,0.1454,0.1825,0.045280118,builtup
0.143,0.1522,0.1628,0.1876,0.031165285,builtup
0.1384,0.1552,0.1704,0.1862,0.05722071,builtup
0.1262,0.1378,0.1512,0.1704,0.04393935,builtup
0.1228,0.1424,0.1424,0.1638,0.073906474,builtup
0.1442,0.148,0.1538,0.17,0.013004808,builtup
0.1442,0.148,0.1538,0.17,0.013004808,builtup
0.1736,0.1868,0.1974,0.2008,0.03662597,builtup
0.1358,0.1471,0.1544,0.1659,0.039943434,builtup
0.1235,0.1306,0.1371,0.1644,0.02794179,builtup
0.1363,0.1377,0.1474,0.1801,0.0051095216,builtup
0.1436,0.1521,0.1694,0.1876,0.02874533,builtup
0.1427,0.154,0.1713,0.1977,0.0380856,builtup
0.1417,0.1449,0.1581,0.202,0.011165368,builtup
0.128,0.136,0.1526,0.1869,0.030303035,builtup
0.1108,0.122,0.143,0.1567,0.04810998,builtup
0.142,0.1518,0.1742,0.1993,0.033356033,builtup
0.1274,0.1405,0.1565,0.1917,0.04889884,builtup
0.1487,0.1664,0.1718,0.1972,0.056172647,builtup
0.1424,0.1506,0.1558,0.1848,0.027986366,builtup
0.1203,0.1268,0.1515,0.1775,0.026305133,builtup
0.1353,0.1456,0.1704,0.20865,0.03666789,builtup
0.1361,0.1486,0.1518,0.2047,0.04390588,builtup
0.10065,0.1085,0.1179,0.1407,0.037532866,builtup
0.1044,0.11,0.1238,0.1585,0.026119394,builtup
0.1083,0.1214,0.1245,0.1681,0.0570309,builtup
0.1025,0.1135,0.1256,0.1586,0.05092593,builtup
0.1054,0.1184,0.1374,0.1696,0.05808756,builtup
0.109,0.1278,0.14,0.1646,0.07939191,builtup
0.1128,0.1262,0.135,0.1662,0.056066956,builtup
0.1474,0.1604,0.1572,0.1964,0.042235207,builtup
0.1574,0.1706,0.167,0.1934,0.0402439,builtup
0.1574,0.1706,0.167,0.1934,0.0402439,builtup
0.1798,0.1778,0.1882,0.2034,-0.0055928524,builtup
0.1264,0.1361,0.1496,0.1614,0.036952384,builtup
0.1373,0.1421,0.1455,0.1717,0.017179696,builtup
0.1335,0.142,0.1487,0.1789,0.03085303,builtup
0.1272,0.1366,0.1527,0.1736,0.035633035,builtup
0.1427,0.144,0.1578,0.1853,0.0045343293,builtup
0.1282,0.137,0.1559,0.1801,0.033182506,builtup
0.155,0.1601,0.1784,0.19,0.016185328,builtup
0.1138,0.1187,0.1364,0.156,0.021075275,builtup
0.1338,0.1425,0.1612,0.1814,0.031487506,builtup
0.1443,0.1583,0.1749,0.1977,0.04626569,builtup
0.1485,0.1597,0.1794,0.2061,0.036340073,builtup
0.155,0.1615,0.1775,0.1951,0.020537142,builtup
0.1286,0.1347,0.1638,0.1835,0.023167485,builtup
0.1503,0.1649,0.18,0.1972,0.046319824,builtup
0.1395,0.1556,0.1632,0.1903,0.05455774,builtup
0.0981,0.1099,0.1114,0.1468,0.056730762,builtup
0.1004,0.109,0.11,0.1603,0.04106971,builtup
0.0993,0.109,0.1172,0.1619,0.046567455,builtup
0.1195,0.1258,0.1444,0.17135,0.025682848,builtup
0.1124,0.1332,0.1444,0.1732,0.084690556,builtup
0.1044,0.1108,0.1204,0.151,0.02973976,builtup
0.1394,0.1424,0.1502,0.1722,0.010645817,builtup
0.1452,0.155,0.165,0.1914,0.032644913,builtup
0.1452,0.155,0.165,0.1914,0.032644913,builtup
0.1396,0.151,0.1598,0.1896,0.039229177,builtup
0.1356,0.1464,0.1682,0.1782,0.038297884,builtup
0.1092,0.1178,0.1436,0.156,0.037885446,builtup
0.1024,0.115,0.1333,0.16035,0.057957705,builtup
0.1252,0.1363,0.1439,0.1674,0.042447396,builtup
0.1211,0.1226,0.1413,0.1773,0.006155091,builtup
0.1465,0.1583,0.159,0.1895,0.03871388,builtup
0.1545,0.1619,0.1716,0.1903,0.023388136,builtup
0.1602,0.1694,0.172,0.1894,0.027912641,builtup
0.1163,0.1238,0.14,0.1557,0.031236986,builtup
0.1092,0.122,0.1415,0.1643,0.055363324,builtup
0.1408,0.1522,0.1615,0.1897,0.03890785,builtup
0.131,0.1427,0.1673,0.1916,0.04274755,builtup
0.1594,0.1724,0.1855,0.2037,0.03918022,builtup
0.1356,0.1479,0.1722,0.1848,0.04338624,builtup
0.1523,0.1586,0.1781,0.1888,0.020263758,builtup
0.1325,0.1442,0.1622,0.1891,0.04228408,builtup
0.09785,0.1089,0.1097,0.1455,0.053446192,builtup
0.098,0.1039,0.1127,0.1567,0.0292224,builtup
0.09665,0.1043,0.121,0.157,0.038069185,builtup
0.1157,0.1267,0.1546,0.1669,0.045379538,builtup
0.1284,0.132,0.1476,0.1698,0.01382489,builtup
0.1298,0.1456,0.152,0.173,0.05737109,builtup
0.1414,0.1528,0.161,0.1844,0.038749147,builtup
0.1426,0.1562,0.1776,0.1938,0.045515418,builtup
0.1426,0.1562,0.1776,0.1938,0.045515418,builtup
0.1314,0.1368,0.1522,0.1732,0.020134235,builtup
0.1244,0.1376,0.1494,0.1712,0.05038171,builtup
0.1144,0.1239,0.1531,0.17,0.039865702,builtup
0.114,0.1263,0.1599,0.1745,0.051186047,builtup
0.1459,0.1462,0.1572,0.1841,0.0010270629,builtup
0.144,0.1514,0.1657,0.2002,0.0250508,builtup
0.1794,0.1914,0.1964,0.2108,0.032362483,builtup
0.1729,0.1777,0.1885,0.1981,0.013690792,builtup
0.1403,0.1481,0.1552,0.1755,0.027045764,builtup
0.1156,0.1263,0.1365,0.1523,0.044233195,builtup
0.1093,0.1187,0.1309,0.1555,0.04122805,builtup
0.1317,0.1357,0.1407,0.1676,0.014958894,builtup
0.112,0.1197,0.1314,0.1587,0.03323261,builtup
0.1281,0.1324,0.1515,0.17215,0.016506767,builtup
0.1441,0.1539,0.1668,0.1811,0.032885917,builtup
0.1362,0.1541,0.1679,0.1848,0.061660364,builtup
0.122,0.1288,0.1472,0.177,0.02711325,builtup
0.10305,0.1094,0.1203,0.1425,0.029889366,builtup
0.10165,0.1052,0.1127,0.1371,0.017162198,builtup
0.1086,0.1176,0.1266,0.1562,0.039787814,builtup
0.1143,0.118,0.1512,0.1651,0.015927693,builtup
0.1256,0.1322,0.1494,0.1688,0.025601272,builtup
0.1328,0.1406,0.1522,0.1753,0.028529618,builtup
0.1288,0.1284,0.1512,0.1686,-0.0015552363,builtup
0.1232,0.131,0.1596,0.1838,0.030684495,builtup
0.1232,0.131,0.1596,0.1838,0.030684495,builtup
0.115,0.1244,0.1462,0.166,0.03926481,builtup
0.1378,0.1514,0.1748,0.1824,0.047026303,builtup
0.1203,0.1304,0.1612,0.1729,0.040287193,builtup
0.1124,0.1218,0.1558,0.1661,0.040136613,builtup
0.1213,0.1295,0.1501,0.1719,0.03269539,builtup
0.134,0.1406,0.1604,0.1757,0.024034932,builtup
0.1415,0.1626,0.1751,0.1884,0.069385074,builtup
0.1233,0.1465,0.1512,0.1877,0.08598964,builtup
0.1323,0.1513,0.1618,0.1878,0.06699575,builtup
0.1228,0.1274,0.1507,0.1628,0.018385274,builtup
0.1149,0.1217,0.1348,0.1605,0.028740473,builtup
0.1361,0.1343,0.13,0.174,-0.0066568074,builtup
0.1154,0.1206,0.1329,0.165,0.022033893,builtup
0.113,0.1217,0.1583,0.1687,0.03706859,builtup
0.1635,0.1712,0.1856,0.1948,0.02300571,builtup
0.1722,0.1825,0.1923,0.2138,0.029038653,builtup
0.1248,0.1253,0.1343,0.1708,0.001999234,builtup
0.1076,0.1247,0.1374,0.1552,0.0736117,builtup
0.0977,0.1042,0.1112,0.131,0.032194145,builtup
0.1112,0.1212,0.1236,0.1417,0.043029282,builtup
0.1143,0.1157,0.1445,0.158,0.0060869628,builtup
0.1056,0.1262,0.1516,0.1704,0.088869736,builtup
0.1202,0.125,0.1472,0.1718,0.019575853,builtup
0.1208,0.1266,0.15,0.1718,0.02344379,builtup
0.1188,0.13,0.161,0.1894,0.04501606,builtup
0.1188,0.13,0.161,0.1894,0.04501606,builtup
0.1328,0.1434,0.1618,0.1866,0.03837799,builtup
0.1436,0.1548,0.1816,0.1964,0.0375335,builtup
0.1221,0.1341,0.1588,0.1711,0.046838414,builtup
0.1091,0.1143,0.1407,0.1627,0.023276627,builtup
0.104,0.1156,0.1416,0.165,0.052823294,builtup
0.1268,0.136,0.1521,0.1706,0.035007633,builtup
0.1186,0.1375,0.149,0.1726,0.0737993,builtup
0.1191,0.1286,0.1465,0.1792,0.038352862,builtup
0.1295,0.1488,0.1653,0.1795,0.069349624,builtup
0.1241,0.1378,0.1507,0.1696,0.052310016,builtup
0.1161,0.1286,0.139,0.1702,0.051082972,builtup
0.1308,0.1392,0.1424,0.177,0.031111144,builtup
0.1224,0.1297,0.1452,0.1806,0.028956782,builtup
0.1308,0.15,0.1698,0.1915,0.06837612,builtup
0.1328,0.1434,0.1642,0.18835,0.03837799,builtup
0.1537,0.1662,0.1822,0.1893,0.039074723,builtup
0.1239,0.1346,0.1397,0.1783,0.04139266,builtup
0.1187,0.1314,0.144,0.1627,0.05077971,builtup
0.1042,0.1127,0.1338,0.1493,0.03918858,builtup
0.1168,0.1196,0.1269,0.1528,0.011844311,builtup
0.1107,0.1117,0.1331,0.1553,0.004496412,builtup
0.1066,0.116,0.1358,0.1638,0.042228192,builtup
0.1078,0.1202,0.1382,0.1708,0.05438597,builtup
0.1001,0.1082,0.1356,0.1736,0.0388862,builtup
0.1001,0.1082,0.1356,0.1736,0.0388862,builtup
0.1098,0.121,0.1434,0.187,0.048526846,builtup
0.131,0.1404,0.1552,0.1824,0.03463526,builtup
0.1378,0.154,0.1792,0.1964,0.0555175,builtup
0.1278,0.137,0.1572,0.1686,0.03474317,builtup
0.1003,0.1094,0.1256,0.1482,0.043395318,builtup
0.10015,0.1113,0.1283,0.1536,0.052731156,builtup
0.1231,0.1286,0.1393,0.1697,0.021851426,builtup
0.1075,0.1202,0.1297,0.1669,0.05577514,builtup
0.1145,0.1258,0.1418,0.1597,0.047024544,builtup
0.1244,0.1397,0.1506,0.1624,0.057932597,builtup
0.1316,0.1456,0.1513,0.1745,0.050505042,builtup
0.1224,0.1267,0.1334,0.16405,0.017262137,builtup
0.1222,0.1317,0.1452,0.1723,0.037416294,builtup
0.117,0.129,0.1547,0.1773,0.048780467,builtup
0.1118,0.1227,0.1449,0.1779,0.04648187,builtup
0.0973,0.1094,0.1353,0.165,0.05853893,builtup
0.1291,0.1393,0.1603,0.1772,0.038003013,builtup
0.1205,0.1227,0.1367,0.1707,0.009046053,builtup
0.1154,0.1254,0.1552,0.1598,0.04152826,builtup
0.1174,0.1384,0.152,0.171,0.08209541,builtup
0.1128,0.1208,0.1318,0.1534,0.03424658,builtup
0.1148,0.1214,0.1324,0.1578,0.02794242,builtup
0.11,0.1242,0.147,0.1714,0.060631946,builtup
0.1015,0.1138,0.128,0.1664,0.057129588,builtup
0.0906,0.1044,0.114,0.163,0.07076925,builtup
0.0906,0.1044,0.114,0.163,0.07076925,builtup
0.1042,0.1166,0.1298,0.161,0.056159426,builtup
0.1418,0.1466,0.1472,0.1826,0.016643522,builtup
0.1322,0.1464,0.1558,0.191,0.05096914,builtup
0.1217,0.1305,0.1462,0.1697,0.03489297,builtup
0.1177,0.1265,0.1358,0.164,0.036036007,builtup
0.132,0.1395,0.1436,0.1702,0.027624339,builtup
0.1284,0.1366,0.139,0.1693,0.030943416,builtup
0.1046,0.117,0.1284,0.1576,0.055956684,builtup
0.121,0.1278,0.1435,0.1661,0.027331201,builtup
0.1346,0.15,0.1598,0.1858,0.054111056,builtup
0.1516,0.1644,0.162,0.1954,0.04050631,builtup
0.125,0.1334,0.1452,0.165,0.032507714,builtup
0.1242,0.1332,0.147,0.1736,0.034965046,builtup
0.114,0.1292,0.1538,0.1774,0.062499985,builtup
0.1048,0.115,0.137,0.1754,0.04640583,builtup
0.1004,0.1081,0.1412,0.1704,0.036930438,builtup
0.1249,0.1269,0.1474,0.1789,0.007942827,builtup
0.125,0.1253,0.1299,0.1876,0.0011985821,builtup
0.1184,0.123,0.138,0.1462,0.019055523,builtup
0.0958,0.0998,0.135,0.1522,0.020449901,builtup
0.0752,0.0835,0.118,0.1428,0.052299935,builtup
0.0983,0.1036,0.1256,0.1418,0.02625062,builtup
0.0985,0.1113,0.1378,0.1636,0.061010487,builtup
0.1137,0.1185,0.1378,0.1723,0.020671831,builtup
0.1153,0.1262,0.1492,0.1676,0.045134597,builtup
0.09115,0.0985,0.1623,0.1964,0.038755592,builtup
0.0831,0.0951,0.1473,0.1972,0.067340076,builtup
0.1188,0.1367,0.1652,0.1921,0.070058726,builtup
0.1414,0.1522,0.1744,0.1852,0.036784757,builtup
0.1076,0.1156,0.1326,0.1697,0.035842266,builtup
0.1158,0.1292,0.1496,0.1808,0.05469386,builtup
0.1368,0.1454,0.165,0.1918,0.030474827,builtup
0.1262,0.1392,0.1684,0.1812,0.048982657,builtup
0.118,0.122,0.1388,0.1648,0.01666667,builtup
0.1172,0.1256,0.1398,0.167,0.034596346,builtup
0.116,0.1166,0.133,0.1544,0.0025795472,builtup
0.1023,0.1078,0.1298,0.1622,0.026177993,builtup
0.0746,0.0903,0.0995,0.1684,0.0952092,builtup
0.0739,0.0866,0.089,0.1444,0.07912772,builtup
0.0861,0.0941,0.0976,0.1368,0.044395126,builtup
0.0921,0.1008,0.105,0.128,0.04510108,builtup
0.0861,0.08655,0.09285,0.1227,0.0026064303,builtup
0.0857,0.0955,0.1099,0.1259,0.0540839,builtup
0.1064,0.1152,0.1275,0.1459,0.039711192,builtup
0.1064,0.1152,0.1275,0.1459,0.039711192,builtup
0.1165,0.1156,0.1256,0.1333,-0.0038776405,builtup
0.0807,0.0929,0.1318,0.151,0.070276484,builtup
0.0896,0.0908,0.1386,0.1504,0.0066519147,builtup
0.0849,0.0848,0.1262,0.1524,-0.00058928516,builtup
0.099,0.108,0.1222,0.151,0.043478277,builtup
0.1048,0.1162,0.1445,0.1695,0.051583707,builtup
0.1252,0.1287,0.1493,0.1694,0.013784953,builtup
0.1262,0.1334,0.1506,0.1722,0.027734932,builtup
0.1166,0.1148,0.1731,0.2031,-0.007778741,builtup
0.1338,0.1473,0.1829,0.2251,0.04802563,builtup
0.1427,0.1611,0.1795,0.201,0.06056616,builtup
0.1374,0.153,0.1694,0.1838,0.053718995,builtup
0.0966,0.1078,0.1248,0.1488,0.054794498,builtup
0.0993,0.1088,0.131,0.166,0.045651153,builtup
0.1158,0.1238,0.1532,0.1712,0.033388987,builtup
0.116,0.1212,0.1406,0.163,0.021922454,builtup
0.1226,0.1268,0.1378,0.1722,0.016840434,builtup
0.1256,0.135,0.151,0.1788,0.036070645,builtup
0.0983,0.1022,0.1134,0.1504,0.019451365,builtup
0.0991,0.1084,0.123,0.1494,0.04481928,builtup
0.0784,0.0889,0.0957,0.1478,0.0627615,builtup
0.0739,0.0866,0.089,0.1444,0.07912772,builtup
0.0833,0.0959,0.0915,0.1207,0.070312485,builtup
0.0768,0.0849,0.082,0.1078,0.050092734,builtup
0.0768,0.08475,0.08805,0.1112,0.049210727,builtup
0.078,0.08585,0.0895,0.11135,0.047909662,builtup
0.1223,0.1249,0.1123,0.1454,0.0105177965,builtup
0.1223,0.1249,0.1123,0.1454,0.0105177965,builtup
0.1213,0.1292,0.109,0.1443,0.031536926,builtup
0.0819,0.0941,0.1426,0.1556,0.06931817,builtup
0.0965,0.1009,0.1436,0.1532,0.022289766,builtup
0.1038,0.1028,0.1202,0.1546,-0.004840281,builtup
0.0934,0.0959,0.1162,0.1428,0.013206538,builtup
0.1081,0.1134,0.1305,0.16555,0.023927767,builtup
0.1254,0.1281,0.1433,0.1588,0.010650833,builtup
0.1465,0.1516,0.1548,0.1928,0.017108344,builtup
0.1168,0.1234,0.1515,0.176,0.0274771,builtup
0.171,0.1831,0.1995,0.2381,0.034171127,builtup
0.1726,0.1851,0.197,0.2312,0.034945495,builtup
0.1574,0.17,0.1758,0.198,0.038485046,builtup
0.129,0.1366,0.1558,0.1696,0.028614493,builtup
0.1017,0.1144,0.1356,0.1638,0.05876908,builtup
0.0982,0.1054,0.134,0.146,0.03536347,builtup
0.0868,0.0971,0.1262,0.1498,0.056008678,builtup
0.121,0.1242,0.1424,0.1798,0.013050579,builtup
0.1148,0.1234,0.134,0.1822,0.03610413,builtup
0.0795,0.096,0.1114,0.1554,0.09401711,builtup
0.0982,0.1074,0.1278,0.1476,0.04474708,builtup
0.0889,0.0973,0.1078,0.1422,0.04511279,builtup
0.0902,0.098,0.1072,0.135,0.04144526,builtup
0.0777,0.0835,0.0875,0.1108,0.03598016,builtup
0.07455,0.0821,0.07735,0.1017,0.048196573,builtup
0.08285,0.09755,0.0908,0.1147,0.08148556,builtup
0.0909,0.10065,0.0944,0.1192,0.050900556,builtup
0.134,0.1361,0.1181,0.1605,0.0077748643,builtup
0.134,0.1361,0.1181,0.1605,0.0077748643,builtup
0.1433,0.1462,0.1235,0.1667,0.010017286,builtup
0.0933,0.103,0.131,0.1462,0.049414165,builtup
0.0913,0.0991,0.1252,0.1396,0.040966373,builtup
0.0882,0.094,0.113,0.1354,0.031833116,builtup
0.0783,0.0908,0.1186,0.136,0.07392077,builtup
0.08755,0.09725,0.1339,0.1689,0.05248918,builtup
0.1115,0.1169,0.1384,0.1547,0.02364271,builtup
0.1254,0.1351,0.1395,0.1814,0.037236083,builtup
0.1096,0.1184,0.1357,0.1674,0.038596492,builtup
0.1225,0.1404,0.1557,0.1777,0.06808674,builtup
0.1328,0.1405,0.1501,0.18625,0.028174154,builtup
0.1368,0.1478,0.158,0.1886,0.03865071,builtup
0.1436,0.1492,0.17,0.1808,0.0191257,builtup
0.1032,0.1178,0.1332,0.1556,0.06606332,builtup
0.089,0.1044,0.128,0.1334,0.079627715,builtup
0.0908,0.0999,0.1236,0.156,0.04771892,builtup
0.099,0.1054,0.1408,0.1598,0.031311173,builtup
0.1082,0.1164,0.1484,0.1706,0.036509372,builtup
0.0819,0.0897,0.12,0.1686,0.045454532,builtup
0.0862,0.102,0.1266,0.1664,0.08395324,builtup
0.1012,0.1154,0.1226,0.1498,0.06555864,builtup
0.0955,0.0998,0.108,0.1306,0.0220174,builtup
0.0777,0.0835,0.0875,0.1108,0.03598016,builtup
0.0778,0.084,0.08545,0.11,0.038318917,builtup
0.0998,0.116,0.1,0.1266,0.07506951,builtup
0.1094,0.1244,0.1082,0.1384,0.064157404,builtup
0.1094,0.1244,0.1082,0.1384,0.064157404,builtup
0.1243,0.1365,0.1187,0.155,0.046779133,builtup
0.1425,0.1455,0.1292,0.1702,0.010416688,builtup
0.1124,0.1196,0.135,0.1544,0.031034462,builtup
0.1182,0.123,0.1412,0.1618,0.019900525,builtup
0.0959,0.1028,0.1252,0.1434,0.034725707,builtup
0.0788,0.0896,0.1294,0.1504,0.064133,builtup
0.07375,0.08655,0.1342,0.1698,0.07985029,builtup
0.1145,0.1189,0.141,0.1752,0.018851757,builtup
0.1145,0.1212,0.1282,0.1768,0.028425971,builtup
0.0953,0.10135,0.1271,0.1659,0.030765347,builtup
0.09865,0.1101,0.1309,0.1541,0.0548503,builtup
0.1048,0.1138,0.137,0.1578,0.04117107,builtup
0.1082,0.119,0.1342,0.1648,0.04753523,builtup
0.103,0.1174,0.1332,0.1542,0.06533574,builtup
0.0984,0.1058,0.1234,0.1458,0.03623901,builtup
0.1005,0.1172,0.1262,0.1484,0.076711066,builtup
0.1052,0.1116,0.1286,0.1638,0.029520279,builtup
0.0894,0.0966,0.1046,0.1304,0.038709693,builtup
0.0996,0.1052,0.13,0.14,0.027343739,builtup
0.0758,0.0944,0.1156,0.1572,0.1092832,builtup
0.0947,0.1218,0.124,0.1778,0.1251732,builtup
0.1108,0.1234,0.133,0.1614,0.05380019,builtup
0.0949,0.0984,0.106,0.127,0.018106569,builtup
0.0774,0.089,0.0922,0.1106,0.06971155,builtup
0.0778,0.084,0.08545,0.11,0.038318917,builtup
0.0924,0.1128,0.0971,0.126,0.09941521,builtup
0.1136,0.1334,0.1112,0.1444,0.080161914,builtup
0.1136,0.1334,0.1112,0.1444,0.080161914,builtup
0.1076,0.1242,0.106,0.1426,0.071613446,builtup
0.1244,0.1334,0.1284,0.1522,0.03491077,builtup
0.1158,0.1266,0.152,0.169,0.044554442,builtup
0.1316,0.1416,0.1572,0.175,0.036603186,builtup
0.1028,0.1086,0.1294,0.1544,0.027436147,builtup
0.0931,0.1032,0.1344,0.1578,0.051451895,builtup
0.09695,0.1088,0.1406,0.1649,0.057594165,builtup
0.0889,0.1082,0.1298,0.1717,0.09791983,builtup
0.09,0.10105,0.1214,0.1654,0.05783823,builtup
0.08445,0.09095,0.1318,0.1629,0.037058145,builtup
0.1054,0.1091,0.1358,0.1595,0.017249396,builtup
0.0985,0.1068,0.1239,0.1487,0.040428635,builtup
0.0921,0.1006,0.1156,0.1412,0.04410999,builtup
0.0977,0.1102,0.1288,0.148,0.060125075,builtup
0.0916,0.0969,0.1134,0.1382,0.028116712,builtup
0.1234,0.129,0.125,0.164,0.022186968,builtup
0.1264,0.1344,0.1284,0.1678,0.03067485,builtup
0.0798,0.0875,0.0908,0.1188,0.046025082,builtup
0.09505,0.1031,0.1115,0.1304,0.0406258,builtup
0.1027,0.1138,0.1225,0.1563,0.05127018,builtup
0.1264,0.1435,0.1322,0.1801,0.063356824,builtup
0.1155,0.1271,0.1282,0.1614,0.04781534,builtup
0.09755,0.10175,0.1081,0.127,0.02107378,builtup
0.1008,0.1086,0.1125,0.1308,0.037249275,builtup
0.0891,0.0968,0.1058,0.1214,0.0414201,builtup
0.0924,0.1128,0.0971,0.126,0.09941521,builtup
0.1052,0.1278,0.1044,0.1344,0.09699571,builtup
0.1052,0.1278,0.1044,0.1344,0.09699571,builtup
0.1,0.1208,0.1026,0.1376,0.0942029,builtup
0.1322,0.1408,0.1252,0.1468,0.03150182,builtup
0.1226,0.1316,0.15,0.174,0.035405234,builtup
0.1058,0.12,0.134,0.1536,0.06288748,builtup
0.1176,0.1322,0.1406,0.1672,0.058446765,builtup
0.1314,0.1426,0.1714,0.1838,0.0408759,builtup
0.1254,0.1296,0.1538,0.1677,0.016470576,builtup
0.0964,0.1014,0.1264,0.1551,0.025278071,builtup
0.09665,0.1059,0.1322,0.1587,0.045667738,builtup
0.0897,0.10125,0.136,0.1675,0.060487047,builtup
0.0873,0.09775,0.1242,0.1619,0.05647121,builtup
0.10075,0.1131,0.1195,0.16865,0.057750765,builtup
0.1054,0.123,0.1396,0.1802,0.077057794,builtup
0.1152,0.1208,0.1488,0.1692,0.023728836,builtup
0.1024,0.1086,0.1382,0.1588,0.02938389,builtup
0.1268,0.1238,0.1296,0.1622,-0.011971263,builtup
0.1144,0.1072,0.114,0.1402,-0.032490987,builtup
0.0822,0.0866,0.0938,0.1362,0.026066352,builtup
0.1026,0.1066,0.1118,0.1424,0.019120462,builtup
0.1036,0.113,0.1143,0.1497,0.04339795,builtup
0.1194,0.1228,0.1424,0.1735,0.014037977,builtup
0.1181,0.1225,0.1332,0.156,0.018287614,builtup
0.09265,0.10015,0.1008,0.1225,0.03890042,builtup
0.1173,0.1249,0.1281,0.1407,0.031379037,builtup
0.105,0.1124,0.1262,0.1458,0.034038667,builtup
0.0823,0.096,0.0926,0.124,0.0768368,builtup
0.1008,0.1242,0.0944,0.1334,0.10400001,builtup
0.1008,0.1242,0.0944,0.1334,0.10400001,builtup
0.1124,0.125,0.1028,0.1428,0.053074967,builtup
0.1412,0.1494,0.1322,0.1534,0.028217446,builtup
0.091,0.1046,0.1308,0.1546,0.069529645,builtup
0.1001,0.1092,0.1246,0.1436,0.043478247,builtup
0.1256,0.1238,0.131,0.1492,-0.0072172945,builtup
0.1324,0.1426,0.1598,0.17,0.037090886,builtup
0.1227,0.1307,0.1456,0.1605,0.031570673,builtup
0.1091,0.1168,0.1334,0.164,0.034085896,builtup
0.1069,0.1134,0.13,0.1655,0.029505214,builtup
0.0914,0.09945,0.1067,0.1806,0.042179737,builtup
0.0931,0.1027,0.1363,0.184,0.049029652,builtup
0.117,0.1308,0.1625,0.1808,0.055690054,builtup
0.1246,0.1384,0.1554,0.1896,0.052471492,builtup
0.103,0.117,0.1358,0.1678,0.063636355,builtup
0.1058,0.1108,0.1494,0.172,0.023084003,builtup
0.1152,0.1122,0.1272,0.151,-0.013192606,builtup
0.0832,0.0863,0.0974,0.116,0.018289087,builtup
0.1004,0.1034,0.1106,0.1618,0.014720308,builtup
0.1102,0.1132,0.1191,0.1568,0.013428821,builtup
0.1039,0.1133,0.1248,0.1488,0.043278094,builtup
0.1085,0.1194,0.1413,0.1594,0.04782802,builtup
0.1061,0.1162,0.1219,0.1413,0.0454341,builtup
0.096,0.1039,0.1046,0.128,0.039519757,builtup
0.117,0.1228,0.1364,0.1417,0.024186827,builtup
0.102,0.113,0.1274,0.1432,0.05116279,builtup
0.0841,0.0974,0.0905,0.12,0.07327825,builtup
0.0841,0.0974,0.0905,0.12,0.07327825,builtup
0.1144,0.134,0.0948,0.1438,0.07890501,builtup
0.1218,0.1384,0.1028,0.1482,0.0637971,builtup
0.1398,0.157,0.1378,0.1552,0.057951506,builtup
0.0902,0.0976,0.128,0.1526,0.039403614,builtup
0.105,0.114,0.1346,0.1636,0.041095905,builtup
0.1102,0.1224,0.1294,0.158,0.05245055,builtup
0.1094,0.1174,0.133,0.1476,0.035273377,builtup
0.0997,0.1067,0.122,0.1589,0.03391476,builtup
0.1161,0.1281,0.1343,0.16245,0.04914003,builtup
0.1107,0.1245,0.1439,0.1776,0.058673482,builtup
0.1109,0.1213,0.1371,0.1751,0.044788964,builtup
0.1078,0.1168,0.1472,0.1739,0.040071253,builtup
0.1182,0.125,0.1556,0.1682,0.027960539,builtup
0.114,0.13,0.1334,0.1614,0.06557375,builtup
0.1034,0.112,0.1212,0.1544,0.039925735,builtup
0.1186,0.1282,0.153,0.1692,0.038897857,builtup
0.1036,0.1126,0.1266,0.149,0.041628104,builtup
0.0963,0.0977,0.104,0.1312,0.0072165015,builtup
0.124,0.1178,0.1206,0.16,-0.02564103,builtup
0.1326,0.1381,0.1528,0.1645,0.020317711,builtup
0.1214,0.1395,0.1589,0.168,0.06937527,builtup
0.1066,0.1159,0.132,0.1582,0.041797757,builtup
0.1064,0.112,0.1152,0.1341,0.02564105,builtup
0.1037,0.10355,0.1083,0.1316,-0.00072373985,builtup
0.1084,0.1223,0.1261,0.1384,0.060251396,builtup
0.1032,0.1038,0.1208,0.1306,0.0028985278,builtup
0.0912,0.1011,0.0954,0.1236,0.05148204,builtup
0.0912,0.1011,0.0954,0.1236,0.05148204,builtup
0.1144,0.134,0.0948,0.1438,0.07890501,builtup
0.1218,0.142,0.1026,0.1532,0.076573186,builtup
0.1274,0.1426,0.1212,0.1532,0.056296315,builtup
0.0969,0.1013,0.1326,0.1512,0.022199798,builtup
0.1007,0.11,0.1362,0.1588,0.044138588,builtup
0.1056,0.1074,0.125,0.165,0.008450707,builtup
0.1136,0.1266,0.1466,0.173,0.05412155,builtup
0.1144,0.1322,0.1532,0.1849,0.07218169,builtup
0.1428,0.1433,0.1625,0.188,0.0017476182,builtup
0.1175,0.125,0.1392,0.1665,0.030927835,builtup
0.1052,0.1228,0.1466,0.1539,0.077192985,builtup
0.1109,0.1167,0.1503,0.1677,0.025483308,builtup
0.1371,0.1583,0.1709,0.178,0.0717671,builtup
0.113,0.124,0.1322,0.1638,0.046413504,builtup
0.0999,0.107,0.1238,0.1528,0.0343161,builtup
0.1102,0.1176,0.1448,0.1598,0.03248463,builtup
0.112,0.117,0.1406,0.154,0.02183404,builtup
0.0965,0.0996,0.1144,0.1416,0.015808264,builtup
0.1114,0.119,0.125,0.1504,0.03298612,builtup
0.1307,0.1356,0.153,0.1671,0.018400274,builtup
0.1315,0.1398,0.1601,0.1741,0.030593406,builtup
0.1113,0.1144,0.1328,0.1575,0.0137350485,builtup
0.1028,0.1093,0.1132,0.1339,0.030645948,builtup
0.104,0.1055,0.1007,0.1161,0.0071598836,builtup
0.0908,0.09025,0.0944,0.1108,-0.003037845,builtup
0.0854,0.0948,0.0974,0.1112,0.052164275,builtup
0.098,0.1108,0.0938,0.1294,0.061302688,builtup
0.098,0.1108,0.0938,0.1294,0.061302688,builtup
0.118,0.1424,0.0999,0.1484,0.09370198,builtup
0.1218,0.142,0.1026,0.1532,0.076573186,builtup
0.1106,0.1298,0.1001,0.1416,0.0798669,builtup
0.105,0.1058,0.1232,0.1452,0.0037950955,builtup
0.0901,0.1008,0.1194,0.1534,0.0560503,builtup
0.0978,0.1068,0.1236,0.1738,0.043988246,builtup
0.1288,0.1356,0.1626,0.1838,0.025718592,builtup
0.1394,0.1478,0.1789,0.1938,0.029247887,builtup
0.1366,0.1418,0.1642,0.1882,0.018678155,builtup
0.1239,0.1288,0.1363,0.1516,0.019390615,builtup
0.1047,0.1177,0.1455,0.1498,0.058453254,builtup
0.1139,0.1219,0.1643,0.1651,0.033927064,builtup
0.1369,0.1559,0.1656,0.1806,0.064890735,builtup
0.0968,0.1011,0.1068,0.1588,0.021728138,builtup
0.077,0.0886,0.1014,0.149,0.070048325,builtup
0.0886,0.0984,0.118,0.148,0.052406386,builtup
0.0943,0.1052,0.1292,0.144,0.054636583,builtup
0.0853,0.091,0.1236,0.1496,0.032331254,builtup
0.0878,0.0968,0.1182,0.1472,0.04875404,builtup
0.1056,0.1102,0.1364,0.1551,0.02131605,builtup
0.1226,0.1304,0.1538,0.1698,0.030830061,builtup
0.1144,0.1238,0.1361,0.163,0.039462645,builtup
0.0979,0.1028,0.1142,0.131,0.024414517,builtup
0.08575,0.0932,0.08625,0.1043,0.04163174,builtup
0.0717,0.07655,0.07325,0.0909,0.03271501,builtup
0.0854,0.093,0.0791,0.1093,0.042600907,builtup
0.108,0.1236,0.0966,0.1368,0.067357495,builtup
0.108,0.1236,0.0966,0.1368,0.067357495,builtup
0.1174,0.1374,0.1005,0.1506,0.078492954,builtup
0.1172,0.1402,0.1015,0.1482,0.089355096,builtup
0.1086,0.134,0.0972,0.1404,0.10469912,builtup
0.0952,0.1089,0.1181,0.1485,0.06712396,builtup
0.0953,0.10285,0.1208,0.15165,0.038102455,builtup
0.1195,0.1256,0.1391,0.1832,0.024887798,builtup
0.138,0.1417,0.1556,0.17665,0.01322847,builtup
0.1194,0.131,0.161,0.1748,0.04632586,builtup
0.1166,0.125,0.147,0.1702,0.034768213,builtup
0.1182,0.1248,0.1384,0.1616,0.027160494,builtup
0.1166,0.1232,0.147,0.1614,0.027522935,builtup
0.1316,0.1478,0.1736,0.1858,0.057981357,builtup
0.1362,0.1476,0.1606,0.1832,0.04016913,builtup
0.096,0.0974,0.119,0.1586,0.00723889,builtup
0.0798,0.089,0.1074,0.1369,0.054502368,builtup
0.0888,0.0989,0.1224,0.1482,0.053809267,builtup
0.0976,0.1118,0.1412,0.1566,0.06781281,builtup
0.0991,0.1064,0.1454,0.1692,0.035523098,builtup
0.1054,0.1178,0.1408,0.1662,0.05555553,builtup
0.09465,0.1067,0.1279,0.1578,0.05984605,builtup
0.1041,0.1151,0.1332,0.1655,0.050182484,builtup
0.1069,0.1171,0.134,0.1753,0.045535717,builtup
0.09775,0.10225,0.1056,0.13,0.022500008,builtup
0.07905,0.0847,0.0784,0.0982,0.034503855,builtup
0.07335,0.0787,0.0763,0.0949,0.035185803,builtup
0.0926,0.1094,0.089,0.122,0.08316829,builtup
0.0926,0.1094,0.089,0.122,0.08316829,builtup
0.109,0.1238,0.098,0.139,0.063573904,builtup
0.1132,0.1284,0.1,0.142,0.062913895,builtup
0.1144,0.1384,0.1002,0.1478,0.09493673,builtup
0.1086,0.134,0.0972,0.1404,0.10469912,builtup
0.2024,0.2502,0.2854,0.3156,0.10561203,builtup
0.2092,0.2526,0.2978,0.3322,0.09398012,builtup
0.2154,0.2622,0.2974,0.3218,0.09798996,builtup
0.2106,0.2358,0.2652,0.2844,0.056451604,builtup
0.204,0.215,0.2308,0.2407,0.026253002,builtup
0.1738,0.1802,0.187,0.1842,0.018079065,builtup
0.1846,0.1786,0.1862,0.1942,-0.016519817,builtup
0.1288,0.1516,0.1424,0.144,0.0813124,builtup
0.1144,0.1238,0.123,0.1338,0.039462645,builtup
0.1054,0.116,0.1172,0.1248,0.047877118,builtup
0.1096,0.1152,0.1154,0.1238,0.024911024,builtup
0.1114,0.1144,0.1144,0.1198,0.013286088,builtup
0.1176,0.117,0.1176,0.118,-0.0025575561,builtup
0.1306,0.1268,0.1272,0.1282,-0.014763033,builtup
0.116,0.114,0.1132,0.1194,-0.008695638,builtup
0.108,0.105,0.1028,0.1064,-0.014084536,builtup
0.1078,0.105,0.1019,0.103,-0.013157908,builtup
0.1058,0.10395,0.0987,0.10575,-0.008820031,builtup
0.10255,0.10055,0.09875,0.10495,-0.0098473495,builtup
0.1644,0.1896,0.2186,0.22,0.07118647,builtup
0.1734,0.2078,0.247,0.2508,0.09024134,builtup
0.1876,0.2392,0.2588,0.282,0.1208997,builtup
0.1992,0.2388,0.2552,0.2684,0.090410955,builtup
0.1802,0.1964,0.2026,0.2192,0.04301648,builtup
0.207,0.2194,0.224,0.2244,0.029080678,builtup
0.2006,0.2288,0.2248,0.231,0.06567303,builtup
0.1662,0.1852,0.1794,0.1844,0.05406946,builtup
0.2374,0.2444,0.2468,0.2354,0.014528849,builtup
0.1998,0.2138,0.2262,0.2066,0.033849128,builtup
0.188,0.1814,0.1944,0.1846,-0.01786679,builtup
0.1444,0.1474,0.1582,0.1566,0.010281035,builtup
0.1448,0.1506,0.1582,0.1627,0.019634372,builtup
0.1618,0.1684,0.1796,0.1822,0.019987907,builtup
0.1314,0.141,0.1472,0.1448,0.03524228,builtup
0.1108,0.1122,0.1082,0.1152,0.0062780334,builtup
0.1092,0.1128,0.1062,0.1116,0.016216222,builtup
0.1078,0.1113,0.1106,0.11,0.01597444,builtup
0.1032,0.1085,0.108,0.10865,0.025035394,builtup
0.2004,0.2168,0.2344,0.2402,0.039309707,builtup
0.1674,0.1828,0.2116,0.2222,0.04397485,builtup
0.1576,0.1734,0.1976,0.2068,0.047734138,builtup
0.1476,0.1636,0.1764,0.1848,0.05141389,builtup
0.1246,0.1438,0.1482,0.1614,0.071535036,builtup
0.2058,0.2214,0.2316,0.2318,0.036516845,builtup
0.2014,0.215,0.217,0.213,0.032660916,builtup
0.2262,0.2392,0.2416,0.2476,0.027932955,builtup
0.3686,0.3862,0.3768,0.363,0.023317434,builtup
0.3494,0.3672,0.3604,0.3388,0.024839483,builtup
0.3204,0.3482,0.3272,0.3134,0.041579414,builtup
0.2592,0.2466,0.2518,0.261,-0.02491104,builtup
0.2562,0.2552,0.2592,0.262,-0.0019553914,builtup
0.278,0.2928,0.2744,0.2752,0.025928542,builtup
0.1954,0.2062,0.2194,0.2076,0.02689244,builtup
0.1598,0.1816,0.1794,0.1748,0.06385475,builtup
0.1334,0.1444,0.1562,0.1614,0.03959686,builtup
0.1196,0.1252,0.1249,0.1334,0.022875838,builtup
0.1056,0.1146,0.1169,0.1187,0.040871948,builtup
0.3392,0.3718,0.3752,0.3742,0.045850936,builtup
0.3094,0.3378,0.3466,0.3386,0.04388134,builtup
0.3062,0.3326,0.3322,0.3312,0.041327488,builtup
0.2238,0.2456,0.252,0.2472,0.04644226,builtup
0.215,0.228,0.2408,0.2098,0.029345363,builtup
0.2842,0.271,0.28,0.2964,-0.023775244,builtup
0.1936,0.2204,0.221,0.221,0.06473432,builtup
0.2968,0.3206,0.314,0.309,0.03854878,builtup
0.4428,0.4728,0.4584,0.422,0.032765403,builtup
0.4392,0.464,0.4592,0.41,0.027457897,builtup
0.4252,0.446,0.4612,0.4156,0.023875143,builtup
0.396,0.399,0.3974,0.3732,0.003773574,builtup
0.3994,0.4228,0.426,0.375,0.02846024,builtup
0.3702,0.3772,0.3784,0.3392,0.0093658,builtup
0.3218,0.316,0.2884,0.3068,-0.009093727,builtup
0.3056,0.3162,0.306,0.313,0.017047284,builtup
0.2786,0.2736,0.269,0.2764,-0.009054681,builtup
0.209,0.2223,0.2248,0.2234,0.030836975,builtup
0.1461,0.1549,0.1608,0.1678,0.02923588,builtup
0.3864,0.4408,0.4492,0.4404,0.06576402,builtup
0.4128,0.456,0.4584,0.4496,0.049723737,builtup
0.436,0.4832,0.5068,0.476,0.051349025,builtup
0.3022,0.3572,0.3516,0.3508,0.083409175,builtup
0.3692,0.385,0.3956,0.383,0.02094935,builtup
0.3872,0.4148,0.4116,0.3826,0.034413952,builtup
0.2632,0.2962,0.2852,0.2864,0.05899176,builtup
0.3764,0.392,0.3814,0.3574,0.020301921,builtup
0.4456,0.4804,0.4732,0.43,0.037580986,builtup
0.45,0.4748,0.4772,0.4284,0.026816612,builtup
0.4616,0.494,0.4852,0.4376,0.03390538,builtup
0.4652,0.494,0.4828,0.4388,0.030025,builtup
0.4664,0.492,0.4904,0.434,0.026711201,builtup
0.458,0.4728,0.464,0.418,0.015900282,builtup
0.4388,0.4452,0.4412,0.4014,0.0072398065,builtup
0.42,0.4408,0.4356,0.3896,0.024163596,builtup
0.3828,0.4072,0.3992,0.3672,0.030886069,builtup
0.3223,0.3289,0.3298,0.3144,0.010135169,builtup
0.1857,0.2038,0.2016,0.206,0.04646982,builtup
0.3934,0.4432,0.454,0.44,0.05952663,builtup
0.43,0.488,0.5016,0.47,0.06318083,builtup
0.442,0.5036,0.5096,0.4856,0.06514382,builtup
0.3326,0.3662,0.372,0.3728,0.048082434,builtup
0.4452,0.4688,0.4816,0.4496,0.025820581,builtup
0.43,0.4688,0.4728,0.4383,0.04316867,builtup
0.332,0.35,0.346,0.3398,0.026392972,builtup
0.3862,0.4232,0.4092,0.3706,0.045712873,builtup
0.4516,0.4776,0.4756,0.4228,0.027981084,builtup
0.4492,0.4792,0.4712,0.4212,0.032313656,builtup
0.4608,0.4832,0.4748,0.4284,0.023728836,builtup
0.4608,0.4812,0.48,0.4276,0.021656068,builtup
0.4564,0.4876,0.4772,0.4248,0.03305084,builtup
0.4508,0.4848,0.47,0.4256,0.036340326,builtup
0.4556,0.4816,0.4684,0.42,0.027742205,builtup
0.4388,0.4608,0.4616,0.418,0.024455296,builtup
0.418,0.456,0.4328,0.4016,0.043478247,builtup
0.3508,0.3659,0.3715,0.3467,0.02106879,builtup
0.2012,0.2152,0.222,0.2112,0.03362155,builtup
0.3958,0.4484,0.4552,0.434,0.062307503,builtup
0.4488,0.5008,0.5204,0.4904,0.054759916,builtup
0.4236,0.4816,0.482,0.4552,0.06407423,builtup
0.345,0.3646,0.3648,0.364,0.027621202,builtup
0.4624,0.5,0.4912,0.4608,0.039069008,builtup
0.398,0.4244,0.424,0.4082,0.03210117,builtup
0.3514,0.3626,0.363,0.3498,0.01568629,builtup
0.434,0.4684,0.4508,0.4204,0.038120583,builtup
0.4652,0.4916,0.4816,0.4396,0.027591974,builtup
0.458,0.482,0.4716,0.4212,0.025531903,builtup
0.458,0.482,0.4728,0.414,0.025531903,builtup
0.452,0.4832,0.4716,0.4082,0.03336187,builtup
0.4552,0.484,0.4688,0.4059,0.030664407,builtup
0.4384,0.4716,0.4632,0.4096,0.03648351,builtup
0.424,0.4632,0.4572,0.409,0.04418396,builtup
0.424,0.4504,0.4496,0.4068,0.030192131,builtup
0.4132,0.4396,0.4316,0.393,0.030956848,builtup
0.3227,0.3448,0.3467,0.3221,0.033108614,builtup
0.2334,0.2548,0.2571,0.2423,0.043834474,builtup
0.4039,0.4554,0.4616,0.441,0.059932493,builtup
0.4558,0.5128,0.5268,0.4996,0.058847804,builtup
0.3856,0.4438,0.442,0.4206,0.07017121,builtup
0.3505,0.3651,0.375,0.3855,0.02040247,builtup
0.454,0.499,0.496,0.4578,0.047219325,builtup
0.3662,0.3979,0.3854,0.381,0.0414867,builtup
0.3645,0.3833,0.3836,0.3601,0.02514044,builtup
0.4552,0.4932,0.4798,0.432,0.0400675,builtup
0.4692,0.5052,0.4926,0.4352,0.036945857,builtup
0.4718,0.5096,0.4946,0.4384,0.038516387,builtup
0.4786,0.5084,0.4992,0.4388,0.030192532,builtup
0.4832,0.5064,0.498,0.4384,0.02344379,builtup
0.4672,0.498,0.4808,0.4316,0.031910468,builtup
0.4516,0.4808,0.4648,0.4168,0.03131705,builtup
0.4484,0.4672,0.464,0.409,0.020533007,builtup
0.4284,0.4544,0.4464,0.3994,0.029451737,builtup
0.4062,0.4428,0.4304,0.386,0.043109536,builtup
0.3242,0.3442,0.3536,0.3262,0.029922174,builtup
0.3256,0.375,0.373,0.3362,0.07051099,builtup
0.4089,0.4662,0.474,0.4498,0.06547823,builtup
0.4568,0.5062,0.5132,0.4974,0.051298026,builtup
0.3529,0.4016,0.4035,0.383,0.06454606,builtup
0.3899,0.414,0.4136,0.3968,0.02997886,builtup
0.455,0.4934,0.4902,0.4602,0.040489238,builtup
0.3406,0.3611,0.3762,0.35475,0.029214729,builtup
0.3774,0.3899,0.3959,0.3634,0.016290875,builtup
0.4446,0.4858,0.4736,0.4196,0.04428204,builtup
0.447,0.4726,0.4714,0.41995,0.027838208,builtup
0.454,0.4736,0.473,0.4268,0.021129802,builtup
0.455,0.4756,0.4726,0.4258,0.022136245,builtup
0.4564,0.4804,0.4776,0.4304,0.025619118,builtup
0.4552,0.4912,0.4716,0.4276,0.0380389,builtup
0.45,0.4788,0.4712,0.4284,0.031007763,builtup
0.4648,0.4784,0.47,0.4276,0.01441899,builtup
0.4584,0.4808,0.4708,0.4244,0.023850076,builtup
0.4232,0.4476,0.4424,0.3986,0.028020205,builtup
0.3466,0.3762,0.3806,0.3604,0.040951844,builtup
0.3992,0.4168,0.4376,0.3886,0.021568628,builtup
0.4172,0.4746,0.4872,0.461,0.064364195,builtup
0.4306,0.4922,0.507,0.4808,0.066753365,builtup
0.3292,0.3648,0.3714,0.364,0.051296838,builtup
0.4008,0.4238,0.4318,0.4023,0.027892314,builtup
0.4188,0.4506,0.436,0.4212,0.03657695,builtup
0.3295,0.3475,0.3545,0.3398,0.026587898,builtup
0.3805,0.4248,0.4206,0.3817,0.05501058,builtup
0.4526,0.477,0.4646,0.4164,0.026247844,builtup
0.448,0.4702,0.4632,0.4136,0.024177726,builtup
0.4504,0.4726,0.4648,0.418,0.024052024,builtup
0.4526,0.4792,0.4706,0.4224,0.028546901,builtup
0.4448,0.4816,0.4708,0.4196,0.03972366,builtup
0.442,0.4676,0.464,0.4086,0.028144224,builtup
0.428,0.4544,0.4544,0.4144,0.029918402,builtup
0.4372,0.456,0.4564,0.4164,0.021047905,builtup
0.4372,0.4576,0.456,0.416,0.022798376,builtup
0.3946,0.4168,0.4124,0.3894,0.027360104,builtup
0.344,0.3804,0.3962,0.3642,0.050248466,builtup
0.4042,0.4444,0.4472,0.4078,0.04737217,builtup
0.4308,0.476,0.5006,0.4744,0.049845632,builtup
0.4093,0.4682,0.481,0.455,0.067122504,builtup
0.332,0.3632,0.3704,0.3747,0.044879206,builtup
0.3867,0.4166,0.4234,0.394,0.037221443,builtup
0.3654,0.3831,0.3822,0.3698,0.023647318,builtup
0.3334,0.3558,0.3513,0.3432,0.032501437,builtup
0.3614,0.4009,0.3904,0.36645,0.051816866,builtup
0.3919,0.4242,0.4192,0.39045,0.03957848,builtup
0.4011,0.442,0.4366,0.39895,0.048511434,builtup
0.415,0.4476,0.438,0.4032,0.03779274,builtup
0.424,0.4608,0.4532,0.4156,0.04159132,builtup
0.448,0.4704,0.4592,0.4215,0.024390234,builtup
0.4388,0.4616,0.4604,0.4148,0.025322076,builtup
0.4464,0.454,0.4664,0.4144,0.008440704,builtup
0.4352,0.4608,0.4608,0.418,0.028571412,builtup
0.4228,0.4672,0.4508,0.4034,0.04988765,builtup
0.354,0.3754,0.386,0.3564,0.029339187,builtup
0.3604,0.404,0.41,0.377,0.05703823,builtup
0.4096,0.422,0.4352,0.3916,0.014911017,builtup
0.4248,0.4846,0.4974,0.4654,0.06575764,builtup
0.3792,0.4318,0.4318,0.4126,0.0648582,builtup
0.3432,0.3635,0.3797,0.3639,0.028725063,builtup
0.377,0.4072,0.4152,0.3942,0.03851059,builtup
0.362,0.3841,0.3922,0.3659,0.029620698,builtup
0.3761,0.397,0.3983,0.3704,0.027034033,builtup
0.3531,0.3708,0.385,0.3592,0.024450874,builtup
0.3486,0.3727,0.3893,0.364,0.0334119,builtup
0.3495,0.3721,0.3841,0.359,0.031319283,builtup
0.3682,0.3942,0.3999,0.3713,0.034102824,builtup
0.3874,0.4089,0.4142,0.3894,0.026999865,builtup
0.4104,0.4244,0.4288,0.3914,0.016770482,builtup
0.3934,0.4308,0.4308,0.3962,0.045377307,builtup
0.4082,0.4356,0.436,0.3948,0.03247217,builtup
0.41,0.4484,0.4492,0.4078,0.044734385,builtup
0.412,0.45,0.4404,0.4072,0.044083513,builtup
0.3486,0.383,0.3848,0.3592,0.04702021,builtup
0.3728,0.424,0.4256,0.3962,0.06425703,builtup
0.4046,0.4144,0.4216,0.3842,0.011965833,builtup
0.3534,0.3744,0.3713,0.37665,0.028854078,builtup
0.3,0.3174,0.3223,0.33765,0.028182693,builtup
0.3016,0.3322,0.3376,0.3336,0.048280183,builtup
0.3612,0.3964,0.397,0.3799,0.046462514,builtup
0.3854,0.4214,0.4272,0.3973,0.04462074,builtup
0.4134,0.4432,0.4428,0.4072,0.034788698,builtup
0.3732,0.4166,0.4176,0.3882,0.05495061,builtup
0.3782,0.4141,0.4166,0.3804,0.045311116,builtup
0.3791,0.4041,0.4043,0.3802,0.031920332,builtup
0.3979,0.4236,0.4252,0.3927,0.031284243,builtup
0.3727,0.4035,0.4164,0.3925,0.039680477,builtup
0.3764,0.394,0.4152,0.3904,0.022845276,builtup
0.3392,0.3752,0.3946,0.367,0.050391957,builtup
0.3636,0.3852,0.3972,0.3704,0.028846165,builtup
0.387,0.4058,0.4224,0.3852,0.023713445,builtup
0.3816,0.4048,0.4184,0.3804,0.029501535,builtup
0.322,0.3762,0.3728,0.3586,0.07762818,builtup
0.3838,0.4112,0.41,0.3936,0.034465395,builtup
0.3742,0.3914,0.4172,0.3749,0.022466071,builtup
0.1356,0.1558,0.1672,0.183,0.069320515,builtup
0.14,0.147,0.1548,0.1706,0.024390241,builtup
0.2278,0.254,0.2498,0.2596,0.054379433,builtup
0.272,0.313,0.2916,0.3182,0.07008543,builtup
0.2542,0.3068,0.2886,0.3149,0.09376114,builtup
0.2754,0.3262,0.2968,0.3275,0.084441476,builtup
0.2894,0.347,0.3186,0.3382,0.0905091,builtup
0.2876,0.327,0.3078,0.3318,0.0641067,builtup
0.2614,0.312,0.2932,0.31,0.08824553,builtup
0.2232,0.2566,0.2486,0.2604,0.06961234,builtup
0.181,0.2084,0.2254,0.2256,0.07036467,builtup
0.177,0.2034,0.2114,0.2172,0.06940063,builtup
0.1506,0.1654,0.1764,0.182,0.046835437,builtup
0.135,0.153,0.1598,0.176,0.062499974,builtup
0.1532,0.171,0.1806,0.1886,0.05490439,builtup
0.1458,0.1622,0.1716,0.185,0.053246785,builtup
0.1346,0.1498,0.1616,0.1692,0.05344587,builtup
0.1484,0.1596,0.1642,0.1826,0.036363672,builtup
0.1604,0.1714,0.1808,0.1942,0.03315248,builtup
0.1482,0.1644,0.167,0.1878,0.051823385,builtup
0.1512,0.1642,0.1738,0.1896,0.04121749,builtup
0.1478,0.1678,0.176,0.181,0.063371345,builtup
0.1506,0.1644,0.171,0.1764,0.043809507,builtup
0.2152,0.2432,0.2406,0.2532,0.061082017,builtup
0.2518,0.2938,0.2834,0.3132,0.076979466,builtup
0.2522,0.2976,0.2906,0.322,0.08257546,builtup
0.2784,0.32,0.3066,0.3338,0.0695187,builtup
0.2884,0.3404,0.3168,0.3462,0.08269722,builtup
0.285,0.3254,0.309,0.3326,0.06618611,builtup
0.2648,0.3166,0.304,0.3152,0.08909525,builtup
0.2338,0.2798,0.273,0.2874,0.08956387,builtup
0.1948,0.2208,0.231,0.2246,0.06256013,builtup
0.1798,0.2046,0.2126,0.2264,0.064516135,builtup
0.1644,0.1832,0.1884,0.1944,0.054085173,builtup
0.1576,0.1738,0.1798,0.188,0.048883542,builtup
0.1554,0.176,0.1836,0.1962,0.062160555,builtup
0.1494,0.1654,0.1772,0.1898,0.05082593,builtup
0.1468,0.1658,0.171,0.1832,0.060780574,builtup
0.1598,0.1742,0.186,0.2038,0.04311379,builtup
0.16,0.177,0.1888,0.1904,0.050445117,builtup
0.1476,0.1666,0.1744,0.1798,0.06047107,builtup
0.1386,0.149,0.1582,0.1626,0.036161326,builtup
0.143,0.1588,0.1621,0.16735,0.052352548,builtup
0.1431,0.1601,0.1819,0.1841,0.056068614,builtup
0.171,0.1894,0.2,0.2012,0.051054377,builtup
0.228,0.2616,0.2556,0.2825,0.068627425,builtup
0.2498,0.289,0.2756,0.3202,0.072754286,builtup
0.2585,0.2994,0.2856,0.3245,0.07331061,builtup
0.2555,0.2999,0.2913,0.3169,0.07994239,builtup
0.2574,0.3098,0.291,0.3152,0.09238362,builtup
0.2574,0.3078,0.2874,0.3056,0.08917196,builtup
0.2356,0.2752,0.2678,0.2874,0.07752548,builtup
0.2158,0.26,0.2524,0.2692,0.092896156,builtup
0.1972,0.2138,0.227,0.2288,0.04038929,builtup
0.1738,0.1946,0.2136,0.216,0.056460354,builtup
0.1562,0.1746,0.1874,0.1906,0.05562273,builtup
0.1562,0.1752,0.1832,0.192,0.05733251,builtup
0.1598,0.1792,0.1912,0.2014,0.057227142,builtup
0.1576,0.1794,0.1844,0.199,0.064688414,builtup
0.1584,0.1794,0.19,0.1906,0.062166955,builtup
0.14,0.1594,0.1714,0.1828,0.06479626,builtup
0.1278,0.1338,0.1622,0.1672,0.022935769,builtup
0.1586,0.1992,0.2182,0.228,0.11347122,builtup
0.1369,0.1548,0.1607,0.1631,0.06136443,builtup
0.1407,0.1595,0.1687,0.1731,0.06262494,builtup
0.1524,0.1637,0.1719,0.1825,0.035748173,builtup
0.1985,0.2245,0.2196,0.233,0.061465703,builtup
0.236,0.2709,0.2623,0.2995,0.06884989,builtup
0.2271,0.2732,0.2643,0.2995,0.09214473,builtup
0.2251,0.2604,0.2574,0.2866,0.072708555,builtup
0.2286,0.2722,0.2658,0.2866,0.08706069,builtup
0.2388,0.2864,0.277,0.2944,0.09063211,builtup
0.2552,0.3024,0.293,0.315,0.08464848,builtup
0.242,0.2996,0.291,0.3044,0.10635156,builtup
0.2084,0.2488,0.2492,0.2612,0.08836395,builtup
0.1726,0.1968,0.2072,0.216,0.06551162,builtup
0.1614,0.1812,0.1872,0.2042,0.057793327,builtup
0.165,0.1876,0.1986,0.2038,0.06409527,builtup
0.1692,0.1904,0.199,0.2116,0.058954395,builtup
0.167,0.1834,0.1934,0.2032,0.04680368,builtup
0.1388,0.1626,0.1862,0.173,0.07896483,builtup
0.1372,0.1748,0.1904,0.1982,0.12051281,builtup
0.1874,0.2436,0.2554,0.262,0.13039443,builtup
0.2382,0.3016,0.3276,0.3208,0.11745094,builtup
0.1218,0.1414,0.1535,0.1479,0.074468076,builtup
0.1329,0.151,0.1648,0.1648,0.06375482,builtup
0.1389,0.1546,0.1717,0.177,0.053492323,builtup
0.157,0.1689,0.1773,0.1847,0.036514245,builtup
0.2114,0.239,0.2384,0.251,0.061278842,builtup
0.2142,0.2452,0.2444,0.2746,0.0674793,builtup
0.2053,0.241,0.2409,0.2655,0.07999102,builtup
0.21,0.25,0.2468,0.2722,0.08695654,builtup
0.2464,0.2928,0.283,0.302,0.08605343,builtup
0.2564,0.3108,0.298,0.319,0.09590974,builtup
0.2432,0.294,0.2764,0.3044,0.09456441,builtup
0.193,0.2316,0.2374,0.2666,0.090909086,builtup
0.1686,0.1906,0.2058,0.2196,0.061247215,builtup
0.1678,0.188,0.2014,0.2072,0.05677347,builtup
0.1602,0.1804,0.1926,0.2004,0.059307102,builtup
0.178,0.1932,0.2006,0.2068,0.040948283,builtup
0.152,0.1842,0.2108,0.192,0.09577635,builtup
0.1642,0.2,0.2198,0.2288,0.09829767,builtup
0.214,0.2664,0.2872,0.2888,0.10907578,builtup
0.251,0.3392,0.3642,0.3602,0.14944088,builtup
0.2746,0.3796,0.4112,0.3968,0.16050138,builtup
0.1101,0.1286,0.1413,0.141,0.077503145,builtup
0.1265,0.1447,0.1535,0.1576,0.06710918,builtup
0.127,0.139,0.1548,0.1596,0.045112763,builtup
0.1335,0.1476,0.1556,0.1698,0.05016009,builtup
0.1642,0.1776,0.1833,0.196,0.039204225,builtup
0.2044,0.2274,0.2261,0.2488,0.053265404,builtup
0.2191,0.2593,0.2558,0.2723,0.08403009,builtup
0.2306,0.2766,0.2662,0.292,0.09069401,builtup
0.2424,0.2898,0.2832,0.305,0.08906423,builtup
0.2268,0.2652,0.2614,0.3008,0.07804877,builtup
0.1688,0.2154,0.2156,0.2576,0.121291,builtup
0.1532,0.186,0.1974,0.2294,0.09669812,builtup
0.1588,0.1826,0.1918,0.2164,0.069712944,builtup
0.1598,0.1792,0.189,0.2008,0.057227142,builtup
0.1504,0.181,0.1836,0.1884,0.092335545,builtup
0.1626,0.2046,0.224,0.2148,0.11437911,builtup
0.205,0.241,0.2552,0.264,0.08071749,builtup
0.2082,0.278,0.2984,0.298,0.14356233,builtup
0.2492,0.3316,0.3584,0.363,0.1418733,builtup
0.2752,0.3776,0.402,0.3956,0.15686275,builtup
0.29,0.4084,0.436,0.42,0.16953036,builtup
0.1188,0.1274,0.1346,0.1421,0.034930937,builtup
0.1167,0.1326,0.1429,0.1453,0.06377855,builtup
0.126,0.1428,0.153,0.1549,0.0625,builtup
0.1256,0.1393,0.1572,0.16015,0.05171766,builtup
0.1386,0.1529,0.1657,0.1714,0.049056564,builtup
0.1897,0.2098,0.2122,0.2183,0.050312884,builtup
0.2221,0.2566,0.2462,0.271,0.07207017,builtup
0.227,0.2714,0.261,0.2818,0.08908509,builtup
0.239,0.2818,0.2728,0.2964,0.082181275,builtup
0.206,0.2468,0.251,0.2802,0.09010602,builtup
0.1594,0.1948,0.2062,0.2436,0.09994354,builtup
0.1418,0.173,0.1914,0.2302,0.09911052,builtup
0.149,0.1738,0.1876,0.2188,0.076827765,builtup
0.1528,0.1742,0.1864,0.2082,0.06544344,builtup
0.189,0.224,0.236,0.252,0.084745795,builtup
0.2156,0.291,0.3078,0.299,0.14883539,builtup
0.2396,0.3066,0.3264,0.3274,0.12266569,builtup
0.2234,0.3034,0.3194,0.326,0.1518603,builtup
0.2398,0.3422,0.3592,0.3608,0.17594501,builtup
0.289,0.4072,0.4208,0.4096,0.16977881,builtup
0.3022,0.4232,0.4424,0.4476,0.16680455,builtup
0.1226,0.131,0.1423,0.1453,0.03312303,builtup
0.1068,0.1223,0.1315,0.1376,0.067656055,builtup
0.1203,0.1372,0.143,0.14405,0.065631054,builtup
0.1239,0.1365,0.149,0.1511,0.048387114,builtup
0.1256,0.1403,0.1588,0.1687,0.05528398,builtup
0.1489,0.1659,0.1772,0.1814,0.054002553,builtup
0.1923,0.2266,0.221,0.2305,0.08188111,builtup
0.2092,0.2532,0.241,0.2668,0.09515571,builtup
0.243,0.2896,0.278,0.3028,0.08749533,builtup
0.2446,0.2846,0.2786,0.3006,0.07558578,builtup
0.1864,0.2316,0.2384,0.2636,0.10813399,builtup
0.1394,0.1714,0.1954,0.2364,0.102960065,builtup
0.1494,0.1788,0.1928,0.2288,0.089579545,builtup
0.1566,0.1906,0.202,0.2236,0.09792626,builtup
0.201,0.27,0.2886,0.2855,0.14649682,builtup
0.2676,0.3458,0.3724,0.3684,0.12748617,builtup
0.2646,0.336,0.3628,0.3748,0.1188811,builtup
0.2602,0.3238,0.3428,0.3628,0.108904116,builtup
0.2448,0.3164,0.3404,0.3482,0.12758373,builtup
0.2788,0.3624,0.3808,0.3908,0.13038051,builtup
0.2836,0.3718,0.4036,0.4078,0.13457431,builtup
0.1678,0.2011,0.2047,0.2063,0.090268396,builtup
0.2576,0.2998,0.2873,0.2976,0.07570865,builtup
0.2925,0.3428,0.3327,0.3399,0.0791752,builtup
0.2976,0.3515,0.3342,0.352,0.083038054,builtup
0.2762,0.3332,0.3256,0.3378,0.09353464,builtup
0.265,0.3244,0.3173,0.3333,0.100780495,builtup
0.234,0.2748,0.266,0.2885,0.080188684,builtup
0.1954,0.245,0.2584,0.2795,0.1126249,builtup
0.2465,0.3156,0.33,0.3253,0.122931875,builtup
0.2555,0.3469,0.3687,0.3606,0.15172644,builtup
0.2393,0.3216,0.3407,0.3402,0.14672847,builtup
0.2183,0.2728,0.2932,0.31195,0.110975355,builtup
0.2036,0.2744,0.3012,0.3036,0.14811714,builtup
0.2058,0.2776,0.2888,0.2926,0.14853123,builtup
0.1837,0.2253,0.2454,0.2431,0.101711504,builtup
0.1622,0.1909,0.1966,0.2037,0.081280075,builtup
0.1377,0.151,0.1557,0.1656,0.046068538,builtup
0.1585,0.1789,0.1853,0.1947,0.060462363,builtup
0.2443,0.2798,0.275,0.2783,0.06773517,builtup
0.2971,0.3528,0.338,0.3412,0.0857055,builtup
0.3087,0.3674,0.3473,0.3588,0.08682147,builtup
0.3114,0.371,0.3467,0.3589,0.0873388,builtup
0.2883,0.3422,0.3278,0.3407,0.08548771,builtup
0.2501,0.302,0.2927,0.31215,0.09400472,builtup
0.2276,0.2727,0.2719,0.2911,0.09014595,builtup
0.2227,0.2864,0.2907,0.2983,0.12512276,builtup
0.2243,0.2829,0.2924,0.301,0.115536295,builtup
0.2298,0.2864,0.2926,0.3047,0.1096474,builtup
0.2322,0.2999,0.3216,0.3327,0.12723173,builtup
0.236,0.3184,0.3382,0.3447,0.14862914,builtup
0.2135,0.2891,0.3104,0.3141,0.15041783,builtup
0.1995,0.259,0.2859,0.2774,0.12977101,builtup
0.1782,0.2411,0.2513,0.2657,0.1500119,builtup
0.1305,0.1624,0.1789,0.184,0.108910896,builtup
0.1474,0.168,0.1782,0.1835,0.06531386,builtup
0.2072,0.2308,0.2274,0.224,0.05388127,builtup
0.2785,0.325,0.3144,0.321,0.07705053,builtup
0.2909,0.3396,0.3269,0.3374,0.077240296,builtup
0.2804,0.3361,0.3144,0.325,0.09034874,builtup
0.2633,0.3093,0.3005,0.3113,0.08033532,builtup
0.2429,0.2924,0.2861,0.299,0.09247152,builtup
0.2254,0.2707,0.2711,0.2872,0.091312245,builtup
0.2096,0.2569,0.2522,0.2779,0.10139337,builtup
0.1909,0.2245,0.2279,0.2384,0.0808859,builtup
0.2192,0.2864,0.2865,0.2915,0.13291138,builtup
0.2427,0.3215,0.3503,0.34945,0.1396668,builtup
0.2155,0.294,0.3197,0.3268,0.15407261,builtup
0.2063,0.2843,0.3029,0.3177,0.15898898,builtup
0.2204,0.2897,0.3067,0.3207,0.1358557,builtup
0.2082,0.278,0.2937,0.3014,0.14356233,builtup
0.145,0.191,0.2088,0.225,0.13690478,builtup
0.133,0.1513,0.1628,0.1655,0.06436861,builtup
0.1571,0.1753,0.1847,0.1946,0.054753292,builtup
0.2365,0.2655,0.2567,0.2549,0.057768956,builtup
0.2371,0.2738,0.2679,0.2845,0.071833976,builtup
0.217,0.2596,0.2558,0.2708,0.08938318,builtup
0.2556,0.2944,0.2846,0.2977,0.07054546,builtup
0.2561,0.3043,0.2994,0.3155,0.08601001,builtup
0.2234,0.2714,0.2672,0.2863,0.09700891,builtup
0.2023,0.2452,0.2407,0.2662,0.09586591,builtup
0.1866,0.2254,0.2195,0.2226,0.09417476,builtup
0.2143,0.2764,0.2901,0.29075,0.1265539,builtup
0.2188,0.2934,0.3233,0.3228,0.14564623,builtup
0.2133,0.292,0.3115,0.3202,0.15574905,builtup
0.2384,0.3046,0.3327,0.33695,0.121915296,builtup
0.2565,0.3437,0.3683,0.3637,0.14528488,builtup
0.2171,0.2836,0.3098,0.3192,0.13281408,builtup
0.1419,0.1852,0.2026,0.2224,0.13237542,builtup
0.1292,0.1505,0.1595,0.1575,0.07615304,builtup
0.1471,0.1611,0.1792,0.1795,0.045425043,builtup
0.1746,0.1898,0.1965,0.2061,0.041712373,builtup
0.2106,0.2377,0.236,0.2397,0.060450584,builtup
0.2425,0.2896,0.2751,0.293,0.088517204,builtup
0.2879,0.3389,0.3225,0.3352,0.08136567,builtup
0.3088,0.3611,0.3385,0.3611,0.07807132,builtup
0.2513,0.3012,0.2832,0.3008,0.090316735,builtup
0.1876,0.2224,0.2196,0.2315,0.084878035,builtup
0.1821,0.2161,0.2134,0.22595,0.08538425,builtup
0.1978,0.2425,0.2551,0.2636,0.101521716,builtup
0.2123,0.2909,0.3125,0.3141,0.1562003,builtup
0.2552,0.3372,0.3566,0.3648,0.13841997,builtup
0.2597,0.3419,0.3614,0.3703,0.13663563,builtup
0.2517,0.3367,0.3545,0.3542,0.14445952,builtup
0.1979,0.2609,0.2706,0.29095,0.13731472,builtup
0.1979,0.2609,0.2706,0.29095,0.13731472,builtup
0.139,0.1644,0.1768,0.1768,0.08371786,builtup
0.1354,0.147,0.1604,0.1694,0.041076496,builtup
0.1436,0.1618,0.1788,0.186,0.059593957,builtup
0.1984,0.219,0.2172,0.2256,0.049353115,builtup
0.2792,0.3198,0.3056,0.315,0.06777964,builtup
0.3362,0.3836,0.3696,0.3736,0.06585162,builtup
0.3986,0.4504,0.4372,0.4108,0.06101294,builtup
0.3318,0.3872,0.3818,0.3706,0.07705144,builtup
0.2136,0.2602,0.2674,0.2626,0.098353736,builtup
0.1972,0.2658,0.2822,0.2792,0.14816414,builtup
0.2244,0.2994,0.3206,0.3256,0.14318442,builtup
0.2064,0.2846,0.3044,0.3098,0.15926677,builtup
0.2182,0.2814,0.2986,0.3,0.1265012,builtup
0.2226,0.2868,0.3072,0.306,0.12603062,builtup
0.2072,0.2696,0.2872,0.2964,0.13087247,builtup
0.179,0.233,0.2562,0.2596,0.13106793,builtup
0.179,0.233,0.2562,0.2596,0.13106793,builtup
0.1958,0.2108,0.2262,0.2202,0.036891297,builtup
0.139,0.1534,0.1716,0.1792,0.049247622,builtup
0.1298,0.1408,0.1564,0.1592,0.040650375,builtup
0.1576,0.1698,0.1814,0.1789,0.03726328,builtup
0.2494,0.2734,0.2724,0.268,0.045906663,builtup
0.4074,0.4444,0.44,0.4092,0.043437425,builtup
0.5132,0.548,0.5376,0.4856,0.03279306,builtup
0.4408,0.4992,0.4772,0.4468,0.062127635,builtup
0.3096,0.3804,0.3718,0.3834,0.1026087,builtup
0.2648,0.3672,0.3868,0.3826,0.16202529,builtup
0.2442,0.3416,0.3636,0.3702,0.16626835,builtup
0.2152,0.288,0.3052,0.3168,0.14467405,builtup
0.1796,0.2244,0.2392,0.2554,0.11089109,builtup
0.1682,0.2092,0.2352,0.2396,0.10863804,builtup
0.1808,0.235,0.258,0.2667,0.13035111,builtup
0.183,0.241,0.2592,0.268,0.13679245,builtup
0.183,0.241,0.2592,0.268,0.13679245,builtup
0.2296,0.2586,0.2774,0.2786,0.05940188,builtup
0.1622,0.1938,0.2062,0.2052,0.08876404,builtup
0.1198,0.1358,0.146,0.1484,0.06259782,builtup
0.111,0.123,0.1414,0.137,0.05128206,builtup
0.1568,0.1792,0.1816,0.1758,0.06666664,builtup
0.3716,0.4014,0.394,0.3596,0.038551096,builtup
0.4548,0.4884,0.4936,0.456,0.035623413,builtup
0.397,0.4588,0.45,0.4268,0.0722131,builtup
0.3274,0.4006,0.378,0.3828,0.10054944,builtup
0.2518,0.3298,0.3262,0.3416,0.1341128,builtup
0.2142,0.2932,0.2968,0.3182,0.15569568,builtup
0.204,0.2774,0.2796,0.3066,0.15247194,builtup
0.1846,0.2452,0.2668,0.2686,0.14099582,builtup
0.196,0.2622,0.282,0.2844,0.14447841,builtup
0.207,0.269,0.288,0.3028,0.13025208,builtup
0.1944,0.2608,0.2832,0.2946,0.14586996,builtup
0.1944,0.2608,0.2832,0.2946,0.14586996,builtup
0.2132,0.229,0.2452,0.2508,0.035730436,builtup
0.202,0.2274,0.2424,0.2458,0.059152298,builtup
0.1308,0.1466,0.1584,0.158,0.05695746,builtup
0.0944,0.1094,0.1202,0.124,0.07360154,builtup
0.1436,0.162,0.188,0.179,0.060209423,builtup
0.248,0.2908,0.3144,0.2912,0.0794358,builtup
0.3012,0.337,0.3304,0.3308,0.05609528,builtup
0.2732,0.3234,0.31,0.322,0.08414345,builtup
0.2376,0.2834,0.2758,0.278,0.087907866,builtup
0.1684,0.216,0.2152,0.2236,0.12382934,builtup
0.1332,0.1718,0.1866,0.199,0.12655737,builtup
0.1382,0.1732,0.1858,0.2048,0.11239562,builtup
0.154,0.1918,0.2038,0.2192,0.109311745,builtup
0.16,0.2106,0.2208,0.2388,0.13653538,builtup
0.1716,0.2128,0.2272,0.243,0.10718001,builtup
0.1716,0.2128,0.2272,0.243,0.10718001,builtup
0.1808,0.2356,0.2498,0.2608,0.1316042,builtup
0.1438,0.166,0.1788,0.1802,0.071659096,builtup
0.201,0.2286,0.247,0.248,0.06424579,builtup
0.1596,0.1832,0.1886,0.1836,0.068844795,builtup
0.1236,0.1348,0.1498,0.1494,0.043343667,builtup
0.1648,0.192,0.2064,0.2072,0.07623318,builtup
0.227,0.277,0.3006,0.2852,0.09920637,builtup
0.1814,0.203,0.2194,0.2316,0.056191448,builtup
0.1596,0.1872,0.1844,0.2006,0.07958475,builtup
0.1334,0.155,0.1604,0.1786,0.07489601,builtup
0.1032,0.1204,0.1244,0.1548,0.07692304,builtup
0.0921,0.1102,0.1188,0.1472,0.08947108,builtup
0.0997,0.1192,0.1284,0.1438,0.08908179,builtup
0.1188,0.1394,0.1496,0.1628,0.07978314,builtup
0.1212,0.135,0.145,0.1726,0.053864177,builtup
0.1218,0.144,0.1526,0.175,0.083521426,builtup
0.1218,0.144,0.1526,0.175,0.083521426,builtup
0.1286,0.1552,0.1704,0.1948,0.09372798,builtup
0.0983,0.11,0.125,0.12,0.056168973,builtup
0.1524,0.1766,0.1804,0.183,0.07355621,builtup
0.1674,0.1798,0.1898,0.193,0.035714287,builtup
0.1556,0.16,0.155,0.1544,0.0139417,builtup
0.1458,0.166,0.1772,0.1816,0.064785115,builtup
0.2086,0.25,0.2722,0.2474,0.09027475,builtup
0.1698,0.2062,0.2192,0.2138,0.09680853,builtup
0.112,0.1322,0.1358,0.1526,0.08271908,builtup
0.1052,0.1244,0.128,0.1484,0.083623685,builtup
0.0924,0.107,0.1128,0.145,0.073219664,builtup
0.0927,0.1007,0.1064,0.1432,0.041365054,builtup
0.1124,0.1224,0.1306,0.1553,0.042589426,builtup
0.1726,0.1852,0.1952,0.2038,0.035215218,builtup
0.1758,0.197,0.202,0.225,0.05686696,builtup
0.1216,0.1444,0.1566,0.182,0.08571428,builtup
0.1216,0.1444,0.1566,0.182,0.08571428,builtup
0.13,0.1598,0.1676,0.1876,0.10282953,builtup
0.1376,0.15,0.1576,0.1586,0.04311544,builtup
0.1382,0.1489,0.1538,0.1536,0.03726925,builtup
0.1457,0.1454,0.149,0.1494,-0.00103054,builtup
0.1529,0.1589,0.1602,0.1623,0.019243095,builtup
0.1419,0.1539,0.1547,0.1647,0.040567935,builtup
0.1442,0.1571,0.1634,0.1625,0.042814504,builtup
0.1484,0.154,0.1625,0.1645,0.018518537,builtup
0.1391,0.1485,0.153,0.1565,0.03268427,builtup
0.1303,0.1382,0.1473,0.1526,0.029422717,builtup
0.1304,0.1449,0.148,0.1502,0.052669786,builtup
0.1349,0.141,0.1488,0.1486,0.022109456,builtup
0.129,0.1394,0.1387,0.1377,0.03874818,builtup
0.1345,0.1375,0.1413,0.1435,0.011029433,builtup
0.1448,0.1484,0.1581,0.1574,0.012278262,builtup
0.1448,0.1484,0.1581,0.1574,0.012278262,builtup
0.1371,0.1403,0.1547,0.1491,0.011535722,builtup
0.1363,0.1434,0.1477,0.1516,0.025384346,builtup
0.1377,0.1398,0.1379,0.1459,0.0075675347,builtup
0.133,0.1391,0.1412,0.148,0.022418225,builtup
0.13,0.1438,0.1463,0.1565,0.05040179,builtup
0.1284,0.1329,0.1349,0.1354,0.01722159,builtup
0.1221,0.1249,0.1363,0.1339,0.011336013,builtup
0.1304,0.1353,0.1362,0.1391,0.018441828,builtup
0.1338,0.1355,0.1368,0.137,0.006312659,builtup
0.1282,0.1391,0.1478,0.1389,0.04077817,builtup
0.1413,0.1513,0.1527,0.159,0.034176372,builtup
0.1528,0.152,0.1544,0.1562,-0.0026246677,builtup
0.1428,0.1512,0.1624,0.1708,0.028571405,builtup
0.1332,0.1445,0.1532,0.16,0.040691383,builtup
0.1395,0.1493,0.1585,0.16665,0.033933472,builtup
0.1501,0.1641,0.1661,0.17035,0.044557653,builtup
0.1367,0.1501,0.1587,0.1688,0.046722416,builtup
0.147,0.1562,0.1609,0.1718,0.03034303,builtup
0.1655,0.1798,0.1855,0.1939,0.041413274,builtup
0.1702,0.1815,0.1959,0.201,0.03212965,builtup
0.1722,0.1832,0.2051,0.206,0.030951062,builtup
0.1687,0.1825,0.1843,0.1944,0.03929388,builtup
0.1429,0.1655,0.1641,0.16805,0.07328144,builtup
0.1387,0.1382,0.1446,0.15,-0.0018056828,builtup
0.1443,0.149,0.1563,0.1613,0.016024565,builtup
0.1443,0.149,0.1563,0.1613,0.016024565,builtup
0.1539,0.1738,0.1883,0.1896,0.0607263,builtup
0.1455,0.156,0.1653,0.18855,0.034825865,builtup
0.1383,0.1476,0.1555,0.1704,0.032528833,builtup
0.1426,0.1438,0.1599,0.1715,0.0041899625,builtup
0.1439,0.1496,0.1565,0.1667,0.019420756,builtup
0.1435,0.1549,0.1606,0.1679,0.038203754,builtup
0.1465,0.1647,0.167,0.173,0.05848327,builtup
0.1326,0.1434,0.1579,0.1702,0.03913045,builtup
0.1304,0.1433,0.1605,0.1566,0.047131877,builtup
0.1284,0.1511,0.1573,0.1532,0.08121645,builtup
0.1336,0.1569,0.1658,0.1679,0.080206566,builtup
0.1356,0.1436,0.1635,0.1629,0.028653298,builtup
0.1224,0.1328,0.1566,0.1668,0.04075234,builtup
0.1672,0.1842,0.1988,0.2134,0.048377927,builtup
0.1791,0.194,0.2066,0.214,0.03993567,builtup
0.192,0.2052,0.2162,0.2262,0.03323263,builtup
0.1868,0.212,0.2206,0.226,0.06318955,builtup
0.1553,0.1722,0.1829,0.1947,0.05160302,builtup
0.1518,0.1684,0.1773,0.1832,0.05184259,builtup
0.2347,0.2598,0.2658,0.2505,0.05075833,builtup
0.203,0.2342,0.2519,0.2617,0.07136323,builtup
0.1958,0.2248,0.2372,0.2373,0.06894912,builtup
0.1906,0.2092,0.2211,0.2273,0.046523266,builtup
0.156,0.1724,0.1814,0.1858,0.04993908,builtup
0.1421,0.1551,0.1633,0.1657,0.043741573,builtup
0.1443,0.1575,0.1917,0.1892,0.04373757,builtup
0.1443,0.1575,0.1917,0.1892,0.04373757,builtup
0.1333,0.1652,0.217,0.2334,0.106867634,builtup
0.1458,0.1626,0.1811,0.215,0.054474715,builtup
0.1417,0.1609,0.1908,0.21,0.06345009,builtup
0.1439,0.1656,0.2118,0.2204,0.07011307,builtup
0.1599,0.1745,0.2223,0.2186,0.043660313,builtup
0.1686,0.193,0.2279,0.239,0.06747791,builtup
0.185,0.21,0.226,0.2274,0.06329112,builtup
0.1842,0.2078,0.206,0.2194,0.06020407,builtup
0.1932,0.2552,0.2438,0.238,0.13826938,builtup
0.2094,0.2644,0.2614,0.2548,0.11608275,builtup
0.2136,0.2764,0.2656,0.2632,0.12816328,builtup
0.1672,0.196,0.2006,0.215,0.07929514,builtup
0.1144,0.1284,0.1676,0.1856,0.05766062,builtup
0.188,0.2056,0.2094,0.2206,0.04471545,builtup
0.1966,0.2221,0.2188,0.2294,0.060902793,builtup
0.1929,0.2184,0.2323,0.2417,0.06199854,builtup
0.1889,0.2202,0.2295,0.2415,0.07650943,builtup
0.1533,0.1755,0.1908,0.2034,0.06751826,builtup
0.1486,0.1607,0.1831,0.1803,0.03912058,builtup
0.2331,0.2684,0.2658,0.2599,0.07038887,builtup
0.2147,0.2435,0.2613,0.264,0.06285464,builtup
0.1775,0.2098,0.2307,0.2282,0.08339791,builtup
0.1724,0.2019,0.2153,0.2257,0.078813806,builtup
0.1613,0.1811,0.1936,0.2065,0.057827078,builtup
0.1407,0.1594,0.1676,0.1769,0.062312573,builtup
0.1375,0.149,0.183,0.1883,0.04013962,builtup
0.1375,0.149,0.183,0.1883,0.04013962,builtup
0.1126,0.1271,0.1953,0.215,0.06049231,builtup
0.185,0.1943,0.2171,0.2361,0.024518834,builtup
0.3011,0.2985,0.303,0.3395,-0.0043361983,builtup
0.2975,0.2981,0.3272,0.3514,0.0010073545,builtup
0.305,0.3301,0.3536,0.3818,0.03952132,builtup
0.3421,0.3636,0.384,0.4138,0.030466193,builtup
0.306,0.3356,0.3308,0.3526,0.046134654,builtup
0.2492,0.2878,0.3074,0.3002,0.07188084,builtup
0.2758,0.3516,0.3414,0.347,0.120816074,builtup
0.2714,0.3606,0.348,0.3474,0.14113922,builtup
0.2756,0.3724,0.3516,0.3516,0.14938271,builtup
0.1982,0.2424,0.2568,0.2646,0.100317754,builtup
0.1136,0.1324,0.1804,0.1952,0.07642278,builtup
0.1824,0.1964,0.2184,0.2236,0.036958814,builtup
0.1897,0.2043,0.2265,0.2204,0.037055824,builtup
0.1935,0.2068,0.2292,0.2225,0.033225086,builtup
0.1988,0.2196,0.24,0.23655,0.049713217,builtup
0.1742,0.2055,0.2191,0.2193,0.08243352,builtup
0.1414,0.1686,0.1807,0.192,0.08774193,builtup
0.2075,0.2304,0.237,0.2447,0.052295044,builtup
0.1938,0.2185,0.2355,0.2388,0.05990784,builtup
0.1706,0.1949,0.2096,0.213,0.066484295,builtup
0.1735,0.1995,0.2109,0.213,0.06970508,builtup
0.1578,0.1796,0.1871,0.1949,0.064611726,builtup
0.1455,0.1573,0.1718,0.179,0.038969588,builtup
0.1352,0.1462,0.1758,0.1755,0.03909029,builtup
0.1352,0.1462,0.1758,0.1755,0.03909029,builtup
0.1078,0.1215,0.1759,0.187,0.059747063,builtup
0.2463,0.2587,0.2873,0.31045,0.024554487,builtup
0.4518,0.4524,0.469,0.4884,0.00066358125,builtup
0.4644,0.4754,0.5028,0.5246,0.011704626,builtup
0.4544,0.5014,0.5508,0.5604,0.04917346,builtup
0.4642,0.523,0.5702,0.5766,0.05956241,builtup
0.3938,0.4228,0.4664,0.4576,0.03551312,builtup
0.2842,0.3594,0.3664,0.347,0.11684275,builtup
0.2894,0.4,0.3894,0.374,0.16042934,builtup
0.2864,0.3978,0.3904,0.3727,0.16281791,builtup
0.2878,0.3886,0.3642,0.3596,0.14902422,builtup
0.2082,0.2692,0.275,0.2798,0.12777546,builtup
0.1194,0.1366,0.1816,0.2016,0.067187496,builtup
0.19,0.2318,0.2392,0.2302,0.099099115,builtup
0.1877,0.222,0.232,0.2319,0.08371979,builtup
0.1757,0.2174,0.2347,0.2372,0.10607989,builtup
0.1882,0.2375,0.2556,0.2388,0.115809254,builtup
0.1913,0.2339,0.2505,0.236,0.10018813,builtup
0.1788,0.1908,0.2009,0.2072,0.032467518,builtup
0.1744,0.2055,0.2064,0.23375,0.08186366,builtup
0.171,0.1935,0.2037,0.2161,0.06172838,builtup
0.1656,0.1896,0.1964,0.1951,0.06756758,builtup
0.1654,0.1947,0.2031,0.2036,0.0813663,builtup
0.1559,0.1787,0.1842,0.1875,0.06814106,builtup
0.1462,0.1642,0.1736,0.1804,0.05798966,builtup
0.1462,0.1642,0.1736,0.1804,0.05798966,builtup
0.1467,0.1565,0.1748,0.1765,0.032321904,builtup
0.1061,0.1176,0.1416,0.1543,0.051408138,builtup
0.2431,0.2597,0.281,0.3022,0.033015113,builtup
0.4818,0.4974,0.5492,0.5766,0.015931368,builtup
0.4966,0.5272,0.578,0.6018,0.029888632,builtup
0.482,0.5334,0.5722,0.5898,0.050620455,builtup
0.4718,0.5382,0.5786,0.587,0.0657426,builtup
0.4388,0.4752,0.5156,0.5192,0.039824933,builtup
0.3286,0.3992,0.408,0.3942,0.097004674,builtup
0.3022,0.4062,0.398,0.3806,0.14680971,builtup
0.3046,0.4038,0.388,0.3769,0.14003389,builtup
0.2932,0.3946,0.382,0.3636,0.1474266,builtup
0.234,0.303,0.2966,0.2994,0.12849163,builtup
0.1262,0.133,0.1816,0.2102,0.026234552,builtup
0.1826,0.2108,0.223,0.22,0.071682766,builtup
0.1995,0.2253,0.2419,0.2436,0.060734477,builtup
0.1988,0.2154,0.2383,0.2403,0.04007725,builtup
0.1827,0.2256,0.2384,0.2467,0.10506983,builtup
0.1818,0.2151,0.2302,0.2335,0.08390026,builtup
0.1919,0.2037,0.2167,0.2185,0.029828124,builtup
0.1738,0.1944,0.199,0.2256,0.05594783,builtup
0.1767,0.1953,0.197,0.2161,0.05000001,builtup
0.1745,0.1922,0.1856,0.1991,0.048268344,builtup
0.1743,0.1937,0.2009,0.2038,0.05271739,builtup
0.1643,0.1849,0.1868,0.19055,0.058992,builtup
0.1635,0.1833,0.1976,0.1957,0.057093445,builtup
0.1635,0.1833,0.1976,0.1957,0.057093445,builtup
0.156,0.1674,0.1866,0.1842,0.03525046,builtup
0.1133,0.1202,0.1403,0.1568,0.02955031,builtup
0.202,0.2272,0.2428,0.2876,0.058713876,builtup
0.45,0.4804,0.5126,0.549,0.032674126,builtup
0.5082,0.536,0.5894,0.6106,0.026623277,builtup
0.48,0.5352,0.581,0.59405,0.054373533,builtup
0.4828,0.5356,0.581,0.5852,0.051846035,builtup
0.4584,0.5108,0.528,0.5464,0.0540652,builtup
0.3628,0.4192,0.4276,0.4308,0.07212276,builtup
0.2988,0.4036,0.385,0.3708,0.14920276,builtup
0.2944,0.3942,0.376,0.3762,0.14493173,builtup
0.2866,0.37,0.3562,0.3516,0.12701799,builtup
0.231,0.3154,0.2958,0.3116,0.15446559,builtup
0.1222,0.1382,0.1862,0.2084,0.061443944,builtup
0.1708,0.1942,0.2052,0.2072,0.06410957,builtup
0.1803,0.2041,0.222,0.2197,0.06191467,builtup
0.1802,0.2031,0.2202,0.2284,0.059744325,builtup
0.1756,0.1993,0.2186,0.2257,0.06321685,builtup
0.1768,0.1944,0.2113,0.2095,0.047413792,builtup
0.1714,0.1862,0.2054,0.2055,0.04138702,builtup
0.1648,0.1825,0.1975,0.2062,0.05096459,builtup
0.1762,0.187,0.194,0.2031,0.029735694,builtup
0.176,0.1913,0.1925,0.2028,0.04165534,builtup
0.176,0.1976,0.2052,0.2017,0.057815865,builtup
0.1772,0.1871,0.1901,0.2034,0.027175372,builtup
0.1726,0.1887,0.2008,0.1947,0.04456132,builtup
0.1726,0.1887,0.2008,0.1947,0.04456132,builtup
0.1513,0.162,0.1769,0.18485,0.034152575,builtup
0.1314,0.151,0.162,0.1832,0.06940506,builtup
0.1859,0.1935,0.2357,0.2716,0.020031614,builtup
0.4212,0.4486,0.4764,0.5008,0.03150148,builtup
0.4972,0.524,0.5576,0.606,0.026243614,builtup
0.458,0.4744,0.5254,0.5412,0.017589027,builtup
0.3654,0.4027,0.4202,0.4354,0.04856141,builtup
0.3426,0.4104,0.43,0.4296,0.09003986,builtup
0.33,0.3576,0.368,0.3772,0.0401396,builtup
0.258,0.322,0.3124,0.3266,0.11034485,builtup
0.2364,0.3226,0.3,0.3064,0.15420395,builtup
0.2192,0.291,0.277,0.281,0.14072913,builtup
0.1832,0.235,0.2374,0.241,0.12386417,builtup
0.1272,0.1466,0.1824,0.1938,0.07085458,builtup
0.1513,0.1733,0.1949,0.1902,0.06777573,builtup
0.1774,0.1968,0.216,0.2235,0.051843937,builtup
0.1804,0.2031,0.225,0.2242,0.05919165,builtup
0.1788,0.2,0.2219,0.2271,0.055966213,builtup
0.1719,0.1929,0.2118,0.22,0.057565782,builtup
0.162,0.1764,0.1904,0.2003,0.042553205,builtup
0.1728,0.187,0.1944,0.2,0.039466374,builtup
0.1715,0.1901,0.1938,0.1992,0.05143806,builtup
0.1747,0.192,0.1959,0.2047,0.047177516,builtup
0.1788,0.1992,0.2061,0.2069,0.05396826,builtup
0.1638,0.1807,0.197,0.1995,0.049056612,builtup
0.1587,0.1753,0.1836,0.1836,0.049700595,builtup
0.1587,0.1753,0.1836,0.1836,0.049700595,builtup
0.1445,0.1524,0.1685,0.1765,0.026608285,builtup
0.1873,0.1934,0.2163,0.2316,0.016023112,builtup
0.228,0.2375,0.2736,0.3097,0.020408157,builtup
0.4089,0.4233,0.462,0.4902,0.01730354,builtup
0.498,0.5264,0.5784,0.5834,0.027723579,builtup
0.4054,0.4396,0.4712,0.4904,0.04047335,builtup
0.2975,0.3162,0.338,0.337,0.03047087,builtup
0.2605,0.2746,0.2885,0.2896,0.026350189,builtup
0.2268,0.2565,0.2716,0.2644,0.061452538,builtup
0.1805,0.2108,0.2222,0.2269,0.077434205,builtup
0.1741,0.2032,0.2132,0.219,0.07712696,builtup
0.1672,0.1931,0.2085,0.2128,0.07188456,builtup
0.1625,0.1869,0.199,0.2055,0.06983404,builtup
0.1274,0.1416,0.1702,0.185,0.052788112,builtup
0.146,0.1669,0.185,0.18095,0.06679449,builtup
0.1737,0.1931,0.2168,0.2238,0.052889857,builtup
0.1818,0.2032,0.2264,0.2254,0.05558443,builtup
0.1824,0.2042,0.2293,0.2296,0.056389023,builtup
0.1802,0.1935,0.2168,0.2272,0.03559005,builtup
0.1621,0.1755,0.186,0.1959,0.039691955,builtup
0.1717,0.1833,0.1981,0.1967,0.032676063,builtup
0.1786,0.1997,0.1993,0.2038,0.055775836,builtup
0.1821,0.1983,0.2008,0.1969,0.042586766,builtup
0.1777,0.2011,0.2091,0.2069,0.061774045,builtup
0.1706,0.1914,0.2003,0.2064,0.05745859,builtup
0.1706,0.1914,0.2003,0.2064,0.05745859,builtup
0.1623,0.1821,0.1858,0.1857,0.05749127,builtup
0.1378,0.1551,0.1749,0.1812,0.05906456,builtup
0.2546,0.2707,0.281,0.2954,0.030649187,builtup
0.3163,0.3475,0.3639,0.3849,0.047002096,builtup
0.3944,0.3912,0.4358,0.4748,-0.004073313,builtup
0.515,0.5292,0.5754,0.585,0.013598959,builtup
0.3833,0.4006,0.4282,0.4594,0.022069115,builtup
0.2162,0.2242,0.251,0.2754,0.018165307,builtup
0.1749,0.1842,0.1989,0.2116,0.025898103,builtup
0.1686,0.1894,0.1994,0.21,0.05810059,builtup
0.169,0.1906,0.1989,0.2078,0.06006672,builtup
0.1632,0.183,0.1978,0.2006,0.057192355,builtup
0.1552,0.1726,0.1888,0.1963,0.053081136,builtup
0.1456,0.1657,0.182,0.1949,0.06456793,builtup
0.1244,0.1386,0.157,0.1788,0.053992428,builtup
0.1445,0.1609,0.1711,0.1809,0.053700045,builtup
0.1758,0.1949,0.2179,0.2145,0.05152417,builtup
0.1825,0.2021,0.2255,0.2275,0.050962012,builtup
0.1861,0.2083,0.2258,0.2306,0.056288004,builtup
0.1792,0.2062,0.2223,0.2203,0.07005711,builtup
0.163,0.1843,0.1994,0.2032,0.06133027,builtup
0.1692,0.1866,0.193,0.1944,0.048903868,builtup
0.1771,0.1909,0.1991,0.2015,0.037499987,builtup
0.1784,0.1926,0.1943,0.1931,0.03827494,builtup
0.1769,0.2063,0.2065,0.2016,0.07672235,builtup
0.1752,0.2047,0.209,0.2107,0.077652,builtup
0.1752,0.2047,0.209,0.2107,0.077652,builtup
0.1738,0.1899,0.1997,0.1928,0.044267222,builtup
0.1388,0.1506,0.1653,0.1733,0.04077404,builtup
0.2461,0.2533,0.2602,0.286,0.014417335,builtup
0.3306,0.376,0.3928,0.4128,0.06425134,builtup
0.4002,0.415,0.4434,0.4608,0.018155033,builtup
0.4854,0.5088,0.5512,0.579,0.02353655,builtup
0.4206,0.4264,0.472,0.4894,0.006847708,builtup
0.236,0.2395,0.2594,0.2791,0.0073606726,builtup
0.1646,0.1817,0.194,0.2031,0.04937917,builtup
0.16,0.1836,0.194,0.198,0.06868451,builtup
0.1539,0.1732,0.1876,0.194,0.059003364,builtup
0.1378,0.1577,0.1784,0.1842,0.06734352,builtup
0.1327,0.1503,0.1688,0.1768,0.062190816,builtup
0.1277,0.1435,0.158,0.1723,0.058259584,builtup
0.1216,0.1344,0.145,0.1604,0.04999998,builtup
