BLUE,GREEN,RED,NIR,SWIR
1093.2,1193.3334,1184.3334,1759.0,2088.3333
778.0,954.5,904.0,2392.25,2141.0
979.8,1067.0,1425.3334,1773.0,2453.0
938.6667,972.0,1001.0,1160.0,1445.0
827.25,951.1667,2367.6667,2614.8,3930.5
1487.0,1610.6666,1635.3334,1763.0,1900.0
390.0,555.0,380.0,3016.6667,1991.0
722.0,1049.3334,913.0,3278.0,2799.6667
1443.0,1650.8,1783.0,1835.0,1806.25
903.2,1066.0,1006.8333,2182.5,1981.5
735.25,1062.5,1031.0,3238.4285,2830.3333
869.0,935.9167,1345.5,1692.5,2408.0
958.25,1104.6666,1055.5,2043.0,2023.5
1223.6,1303.0,1323.0,1447.0,1773.0
982.0,991.0,1095.5,1407.0,2389.8
749.5,1040.6666,885.5,3305.6667,2892.0
872.0,955.0,1086.0,1668.5,2198.5
437.75,567.25,439.33334,2651.0,1919.5
1265.3334,1321.3334,1452.6666,1617.3334,2390.0
903.5,1070.3334,974.875,2113.5,2112.75
1228.5,1270.0,1456.0,1640.0,2498.5
384.66666,572.0,394.33334,3096.0,2102.75
1044.8,1111.6666,1236.0,1755.3334,2516.0
840.6667,958.5,1190.6666,1768.0,2341.6667
980.4,1044.8,1397.0,1774.0,2408.0
1115.3334,1179.0,1236.0,1428.0,1750.0
837.0,928.75,990.0,1680.6666,2270.25
695.0,1018.5,880.5,3482.0,2847.0
708.25,1064.5,861.5,3324.0,2704.6667
388.0,595.0,404.0,2832.5,1961.3334
372.5,594.6667,372.66666,3136.5,1942.75
412.0,620.3333,472.0,2793.0,1965.0
755.0,939.5,825.75,2279.25,2145.8333
987.5,1140.0,1107.0,2056.6667,2163.6667
1219.3334,1358.0,1316.0,2566.6667,2169.25
2132.0,2566.0,2386.0,2836.0,2376.0
966.0,1161.3334,1091.0,2314.0,2185.0
999.2,1062.8,1333.5,1528.0,2343.25
374.0,531.0,356.0,3060.0,1933.0
1202.0,1270.0,1575.3334,1972.0,2517.0
1208.0,1254.5,1518.0,1633.5,2476.75
1238.5,1331.0,1362.5,1480.0,1604.5
351.66666,488.5,343.95,2733.1667,1656.8
1221.0,1274.6666,1454.0,1612.75,2389.6667
341.16666,516.5,316.33334,3108.0,1918.4166
802.0,882.0,939.5,1722.0,2105.0
360.3,551.75,350.25,3564.75,2005.25
910.0,1188.0,1181.0,2901.3333,2988.0
998.3333,1086.0,1075.5,1792.6666,1976.5
679.0,1005.3333,796.5,3206.5,2645.0
760.0,1080.6666,872.0,3374.0,2962.0
748.3333,1026.0,872.0,3307.0,2892.0
938.2857,999.5,974.0,1088.75,1409.8
916.5,1208.6666,1187.0,3124.5,2692.3333
1000.0,1050.0,1188.0,1604.5,2212.3333
342.25,513.5,313.75,3224.0,1975.3334
892.6667,962.25,984.5,1833.0,2273.5
677.5,1020.8333,780.5,3265.0,2574.75
772.4,1085.9,1029.0,3275.0,2708.6667
413.5,528.6667,410.66666,2472.6667,1762.0
1060.0,1185.0,1180.0,1923.6666,2308.6667
711.8,971.5,807.3333,3468.6667,2909.0
657.0,1028.0,768.0,3243.3333,2578.5
993.0,1154.6666,1110.0,2281.0,2151.2
683.6667,852.5,1783.6,2073.3333,2590.0
732.0,828.6667,877.0,2021.3334,2233.0
372.5,553.6667,354.6,3012.0,1843.0
950.3333,971.2,1221.0,1478.0,2264.3333
882.1667,1030.0,1011.75,2065.0,2265.0
1676.3334,1753.4667,1787.3334,1877.6666,1867.625
1316.0,1413.5,1422.3334,1619.0,1790.0
952.5,1083.5,996.5,1784.0,1988.6666
405.5,601.75,416.5,3135.5,1909.75
2574.0,2692.6667,2694.0,2680.5,3384.5
344.2,507.33334,354.66666,3119.3333,1910.5
981.0,1026.0,1004.5,1269.0,2167.5
920.75,947.3333,1081.3334,1239.6666,2189.5
887.8,931.6667,1068.6666,1272.0,2214.5
1274.6666,1350.0,1466.0,1882.0,2459.5
3419.0,3522.0,3605.3333,3629.5,5298.5
700.0,1028.0,902.0,3333.3333,2918.5
906.6667,1188.0,1125.3334,3078.0,2830.0
991.75,1046.5,1158.1666,1405.0,2175.5
933.0,989.3333,987.5,1144.8572,1477.2
720.0,1063.3334,919.5,3267.5,2712.55
923.5,980.6,1010.0,1348.6666,2299.0
1249.0,1339.3334,1338.0,1401.6,1751.5
918.5,1177.0,1183.0,2952.6667,2933.375
728.0,1043.0,971.5,3290.0,2677.3333
679.5,865.5,1457.0,2287.75,2470.75
939.5,971.5,966.75,1430.0,2120.0
918.2857,996.0,1075.2,1796.0,2208.0
1077.0,1064.0,1153.5,1511.0,2507.6667
843.5,924.0,1082.6666,2020.0,2277.0
1071.3334,1115.3334,1206.0,1884.0,2228.0
1470.0,1614.0,1653.5,1751.0,1825.375
366.0,531.0,363.0,3132.0,1990.4286
3779.5,3961.0,4028.25,3853.5,5243.0
1236.0,1299.2,1286.0,1323.0,1672.4
999.25,1138.6666,1084.0,1929.5,2024.0
377.0,533.0,372.0,2596.0,1764.0
1045.2,1174.5,1132.0,1702.8334,2016.875
788.5,1091.0,981.5,3196.0,2988.0
1616.0,1715.8334,1704.0,1832.0,1769.2
665.6667,747.5,1450.0,1848.0,2954.5
724.8,1050.0,869.25,3376.0,2704.6667
695.6667,1044.0,856.0,3214.0,2615.8
740.5,1111.5,913.25,3409.0,2705.75
983.8571,1035.3334,1145.3334,1336.0,2139.2
1222.0,1288.0,1340.0,1458.6666,1802.0
382.75,558.0,381.0,3002.0,1929.5
726.0,1081.3334,874.0,3415.0,2999.0
955.8333,1249.0,1259.5,2788.6667,2943.1667
761.0,1085.75,957.25,3379.0,2720.0
763.5,1093.3334,963.0,3311.5,2777.0
954.6667,1072.0,1051.3334,1994.0,2023.5
361.0,516.25,323.33334,3146.0,1907.3334
1185.6666,1321.2727,1358.0,1579.2,2223.375
361.5,521.5,332.33334,2770.0,1732.3334
1099.0,1131.3334,1355.3334,1591.0,2570.125
953.3333,1003.0,1220.5,1496.5,2058.0
1308.0,1418.0,1447.0,1546.0,1894.3334
775.5,1079.0,993.0,3251.0,2674.0
1145.0,1159.3334,1205.5,1470.5,2119.3333
1132.5,1280.9166,1343.8334,1384.0,1792.0
3711.0,3903.0,3927.0,3824.0,5310.3335
764.0,1079.0,921.0,3310.0,3023.0
965.0,1086.75,1058.5,2045.5,2024.25
916.6667,992.4583,1034.8334,1800.0,2204.0
365.0,553.5,344.16666,2677.2,1789.3334
878.5,1195.0,1131.0,2960.0,3011.375
666.0,972.0,819.0,3407.6,2551.5
1110.0,1225.0,1262.0,1914.4,2204.0
707.0,1031.25,917.0,3373.3333,2918.5
614.0,753.0,787.3333,2248.6667,2232.0
1222.0,1328.0,1424.0,1961.0,2506.5
841.5,1054.5,2170.0,2389.3333,2470.75
361.0,531.5,374.0,3266.0,1978.5
749.8333,1066.6666,908.5,3024.1667,2551.6667
3503.5,3723.3333,3806.5,3762.0,5310.3335
967.0,915.5,1024.0,1447.2,2314.5
1385.3334,1542.0,1700.0,2313.0,2497.0
989.125,1024.6666,1251.0,1577.0,2198.5
987.0,1086.0,1296.0,1809.3334,2518.0
709.0,1049.0,832.0,3246.6667,2585.5
381.16666,587.0,411.0,3166.0,2102.75
741.0,1056.0,878.3,3395.25,2977.75
709.0,1043.5,883.0,3312.2856,2707.5
726.0,1076.0,874.25,3236.0,2986.6667
1159.0,1225.0,1289.0,1305.0,1750.6666
3727.3333,4054.0,4044.5,3953.6,5132.6665
3565.0,3720.4,3823.7144,3726.6667,5265.5
647.25,941.25,749.875,3435.2,2551.5
924.25,1097.6,994.0,2045.5,2178.0
388.5,574.0,375.25,2894.0,2006.125
1676.3334,1753.4667,1787.3334,1877.6666,1867.625
2172.0,2609.0,2494.5,2780.0,2555.0
863.0,904.2,1228.0,1622.0,2319.375
1182.0,1204.6666,1332.0,1510.0,2342.0
406.0,593.5,369.33334,2801.3333,1864.0
359.0,557.0,382.5,3118.0,2052.0
993.5,975.0833,1017.6667,1439.8334,2194.5
961.3333,983.25,1057.5,1407.0,2153.75
738.3333,1076.0,839.8,3342.0,2999.0
722.6667,1062.0,896.0,3354.75,2855.5
779.0,1068.0,924.0,3214.0,2609.3333
861.5,910.0,1148.0,1667.2858,2567.0
920.1667,1001.0,971.0,1148.0,1541.75
392.5,573.5,420.66666,2921.0,2021.25
363.5,541.75,340.8,2746.6667,1715.5
1101.3334,1159.6666,1162.0,1253.2,1477.0
1038.6666,1077.5,1064.5,1175.0,1498.0
1205.3334,1339.0,1650.0,1900.0,2410.3333
1125.3334,1171.0,1346.8,1816.0,2135.0
1157.2,1254.0,1262.0,1508.6666,1731.0
358.0,491.0,330.0,2416.0,1665.0
1222.0,1284.0,1316.6666,1432.0,1815.0
911.0,944.75,1178.0,1457.0,2545.75
379.0,561.0,363.33334,3338.0,1956.75
3177.0,3348.0,3399.0,3306.8,4394.5
1230.6666,1281.75,1318.0,1451.3334,1932.5834
379.75,563.0,372.0,3300.5,1991.2
1288.0,1356.0,1463.0,1832.6666,2436.6667
833.4167,904.5,1092.6666,1344.0,2343.25
1000.0,1056.0,1110.0,1435.0,2103.5
791.0,1000.0,946.0,2884.0,2501.6667
694.6,1029.3334,874.0,3398.0,2666.0
854.5,1056.6666,2280.5,2517.6,2470.75
989.0,1153.5,1126.0,2215.0,2198.0
954.5,1243.3334,1271.3334,2901.5,2724.5
677.75,1045.3334,819.0,3268.0,2629.3333
763.0,1083.0,984.0,3410.3333,2954.5
902.3333,1036.0,971.6667,2101.0,1963.0
1173.3334,1181.0,1207.0,1652.6666,2212.3333
713.0,1078.8334,905.75,3339.6667,3036.1667
4242.6665,4417.5,4382.0,4276.0,4987.75
715.0,1034.0,972.0,3200.0,2824.0
980.6667,1162.8,1082.6666,2325.0,2197.4
747.0,1061.0,850.0,3320.0,3023.0
948.6667,1080.0,1042.6666,1876.0,1944.0
3324.0,3492.0,3544.4,3488.0,5265.5
1560.0,1714.0,1720.3334,1752.5,1803.6666
397.5,590.5,378.75,3433.5,2074.8
714.6667,1044.6666,882.0,3215.6,2732.0
385.0,557.25,364.0,3202.0,1926.2
379.0,601.0,398.75,3003.0,2023.0
1005.0,1091.3334,1139.0,1830.8,2200.75
389.0,571.0,361.0,3091.3333,1917.0
371.0,553.75,363.5,2752.0,1835.4
925.25,1059.3334,1001.0,2103.4285,2103.0
874.5,947.5,1138.0,1560.0,2277.0
853.3333,950.7,1097.0,2138.5,2339.25
1637.3334,1977.0,1971.3334,2468.6667,2419.0
1258.5,1449.0,1423.0,2306.5,2441.0
385.25,556.0,405.0,2557.6667,2052.5
709.0,1086.0,918.0,3333.3333,2705.75
401.5,636.0,380.0,3086.0,1943.8
1064.4,1172.5,1146.6666,1720.0,2023.5
980.0,1138.5,1080.3334,2045.0,2172.3333
1481.0,1634.0,1694.0,1717.5,1851.25
755.5,1111.3334,899.0,3361.3333,2723.0
408.0,600.25,418.5,3058.6667,2051.8
403.5,555.5,435.66666,2796.0,1996.5
889.5,1178.0,1130.0,3014.0,2996.75
580.5,910.0,661.0,3504.0,2539.0
1093.3334,1112.3334,1272.0,1523.0,2435.0
984.5,1053.6666,1098.0,1789.3334,2213.0
401.5,602.5,399.25,2864.0,1961.0
983.5,959.0,1180.6666,1509.0,2438.0
736.0,1044.0,956.0,3324.0,2709.0
899.5,1192.0,1149.0,2827.0,3020.5
1045.3334,1081.0,1113.0,1779.0,2181.0
659.75,726.5,1823.3,2129.5,3526.0
4025.4,4245.0,4327.0,4113.0,5372.3335
383.25,548.3333,354.2,3241.25,1907.3334
741.0,1092.0,877.0,3221.0,2657.0
3630.0,3798.5,3889.3333,3780.0,5265.5
1245.0,1319.3334,1343.8,1443.0,1859.5
428.0,641.5,477.33334,2893.3333,1954.25
970.0,1117.0,1134.0,1704.0,2358.5
1214.5,1286.5,1351.6666,1446.0,1802.0
968.4,1069.7,1043.0,1781.3334,1988.6666
1005.6,1031.6666,1155.3334,1404.0,2198.0
443.5,621.5,459.33334,2712.0,2011.0
340.0,498.0,325.0,2604.0,1722.0
994.75,1163.0,1086.0,2043.25,2086.0
1492.6666,1526.0,1553.5,1666.6666,1859.5
396.0,559.0,378.2,3016.0,1926.0
937.25,971.5,1138.6666,1336.0,2197.0
755.375,1072.0,901.5,3356.5,2902.5
915.6667,1110.5,1175.3334,2057.5,2514.6667
701.6,1060.0,843.25,3359.6667,2665.0
802.0,1111.0,982.0,3169.3333,2994.0
747.5,1098.0,957.0,3309.3333,2751.25
1189.2,1272.5,1385.3334,1801.3334,2404.0
897.3333,966.8,923.5,1067.5,1393.0416
709.5,1015.0,868.0,3234.0,2736.5
976.5,1137.3334,1101.0,2068.5,2136.2
3371.5,3506.6667,3572.5,3642.0,4735.0
610.0,737.0,1496.0,2362.0,3189.0
1014.5,1099.0,1275.3334,1721.0,2516.0
1192.0,1260.1666,1287.0,1356.5,1480.0
744.3333,1089.6666,892.0,3351.8,2885.75
329.0,464.66666,298.0,2658.0,1722.0
379.66666,533.0,366.5,2735.0,1822.25
839.75,970.0,2075.0,2392.6667,2808.5
1007.8333,1144.8,1112.0,1895.0,2016.0
708.25,1050.0,902.5,3392.5,2918.5
1302.5,1446.0,1479.5,1595.7,1795.0
824.0,818.6667,932.0,1193.0,2139.2
1223.1666,1232.0,1353.0,1695.0,2389.8
1048.5,1123.0,1153.5,1238.6666,1541.75
411.0,571.5,426.33334,2667.0,1978.0
1018.25,1090.0,1693.0,1840.5,2529.5
753.25,995.0,916.25,2905.3333,2716.5
919.5,955.5,1098.0,1480.0,2226.0
1078.5714,1158.5,1336.0,1599.0,2350.75
879.5,1030.0,1106.0,2165.0,2094.5
3828.0,4018.0,3954.6667,3908.6667,4829.5
739.5,1050.0,992.0,3379.3333,2743.5
697.0,1073.0,844.0,3320.0,2668.3333
748.75,1081.0,943.0,3322.75,2712.55
403.0,563.6667,373.33334,2564.0,1764.0
1116.0,1099.5,1216.5,1550.25,2369.25
980.1667,988.1667,1065.3334,1557.0,2235.8333
372.0,541.0,354.0,2855.0,1993.0
1101.8334,1132.0,1378.5,1566.6666,2470.0
394.5,546.125,386.33334,2927.0,1990.0
1031.2,1122.6666,1154.6666,1524.8,1976.0
965.25,1203.0,1257.0,2693.75,2817.7917
706.0,1049.0,961.5,3213.5,2810.1667
1223.5,1270.6666,1336.4,1398.6666,1766.0
1049.4286,1096.0,1363.3334,1671.75,2485.0
1371.0,1510.0,1539.75,1657.0,1728.125
4085.0,4237.3335,4237.3335,4051.5,4861.8335
728.8,1095.6,857.25,3482.6667,2720.75
856.0,1112.0,1078.0,3108.5,2988.0
1416.5,1501.0,1704.0,1825.5,2586.0
386.5,535.5,378.5,3000.0,1886.8
394.33334,594.0,382.75,3116.5,1883.5
1400.0,1481.5,1533.3334,1613.5,1806.1111
933.0,937.5,961.75,1434.0,2226.5
730.0,1042.0,951.5,3215.2,2932.4285
325.0,437.0,292.33334,2194.0,1716.6666
800.0,869.0,1758.0,2147.0,2331.0
711.3333,1091.3334,924.5,3405.0,2670.5
739.0,1059.2,860.0,3104.0,2667.0
930.0,1018.6667,1240.6666,1652.5,2232.2
743.25,1052.5,911.75,3246.0,2691.5
669.1667,954.8333,854.0,3292.25,2677.8
677.75,1051.0,809.0,3260.0,2649.0
940.5,951.3333,1039.0,1512.0,2128.5
736.75,1051.0,874.0,3308.0,2931.0
759.1667,1076.6666,983.0,3374.0,2741.0
995.6667,1118.0,1082.0,1867.3334,2023.0
366.5,571.6,362.5,2988.0,1870.6666
1144.0,1183.6666,1196.0,1272.6666,1447.2
928.125,1200.0,1238.6666,2795.25,2943.1667
810.0,921.5,1091.3334,1623.0,2118.0
1520.6666,1623.0,1688.0,1753.5,1900.0
1063.5,1139.3334,1247.0,1977.5,2228.0
709.25,1058.0,920.25,3359.6667,2829.25
1203.0,1306.5,1521.9166,1756.1666,2295.75
377.5,574.8333,387.5,3078.6667,1949.6666
742.0,1068.0,967.5,3268.5,2751.25
728.75,1063.5,851.5,3469.0,2616.0
1379.3334,1447.6,1574.8334,1747.0,2495.25
1108.0,1130.0,1228.0,1746.6666,2119.3333
1381.2,1528.0,1588.0,1634.0,1604.5
620.0,699.3,1357.5,2166.0,2951.5
781.5,886.625,2036.6666,2281.0,3340.5
901.2,1050.0,986.0,1975.0,2033.5
1035.3334,1027.3334,1330.0,1562.6666,2300.0
917.0,1012.0,1065.3334,1345.25,2102.0
1136.0,1264.6666,1328.0,2176.0571,2475.75
1265.3334,1280.5,1443.6666,1605.0,2273.6667
884.0,949.5,960.1667,1101.6666,1382.75
780.0,1082.6666,926.5,3092.0,2667.0
377.25,560.1667,352.16666,2862.2,1789.3334
1003.5,1162.0,1138.0,2168.5,2174.5
1029.3334,1101.0,1235.0,1602.0,2120.0
794.0,1029.0,926.75,3094.0,2741.0
819.2,1050.0,1968.4445,2485.3333,2349.0
984.2,1135.3334,1077.0,1940.0,1984.0
891.375,885.5,998.5,1220.0,2104.0
347.5,535.0,329.0,3382.0,2005.25
780.0,928.0,956.25,2168.0,2247.0
673.75,1010.25,803.0,3270.0,2681.0
1037.2667,1141.5,1109.2,1807.9166,2044.7
362.0,494.25,334.875,2374.6667,1774.9
402.25,603.5,398.0,2984.0,1864.2
1066.0,1172.0,1170.0,2256.0,2156.0
707.5,1042.6666,940.5,3255.5,2786.0
1054.0,1138.1666,1375.0,1877.0,2269.5
978.6667,1058.6666,1034.0,1974.5,2024.25
999.0,1162.6666,1130.0,2168.0,2220.0
1414.0,1524.6666,1766.0,1938.6666,2514.25
793.0,1109.3334,959.6,3257.3333,2996.5
675.0,1004.0,848.0,3413.0,2553.0
1225.3334,1286.0,1304.5714,1338.0,1688.3334
1014.5,1132.6666,1094.0,1841.5,1976.0
684.4167,1001.0,888.0,3383.0,2709.0
3855.0,4081.0,4050.0,3945.0,5372.3335
3502.5,3754.0,3826.0,3729.7144,5227.7144
782.5,1108.0,987.75,3204.0,2979.5
841.6667,982.0,1014.0,2136.0,2379.3333
988.6667,1108.0,1435.0,1716.5,2410.3333
983.75,1076.0,1116.0,1623.0,2135.0
363.0,520.0,360.0,2934.0,1869.0
1000.4,1145.3334,1062.3334,1930.0,2032.5
759.5,1112.0,896.0,3436.0,2711.5
712.3333,1040.0,918.5,3337.0,3082.0
748.6667,1096.0,959.75,3226.5,2944.7144
1207.5,1289.0,1318.0,1421.5,1859.5
380.0,546.5,348.33334,2510.0,1764.0
1044.0,1142.5,1185.0,1705.0,2308.6667
700.0,1028.0,824.0,3314.6667,2654.0
822.6667,890.4167,1008.375,1303.8334,2102.0
876.6667,996.0,1982.0,2472.75,2533.3333
984.0,1136.0,1066.0,2323.0,2167.5
374.0,573.0,386.0,3166.0,1913.5
724.6667,1077.6666,849.0,3434.0,2616.0
943.4762,1037.0,1113.5,1569.0,2239.3333
1191.2,1163.5,1289.0,1878.0,2290.8
1240.6666,1302.5,1464.6666,1714.6666,2174.625
729.6,1027.0,842.5,3084.1667,2643.1667
710.5,1050.25,820.0,3282.0,2590.25
1301.2,1502.5,1704.6666,1936.0,2488.2
435.0,620.0,442.0,2904.6667,1965.0
856.625,982.5,1108.0,2097.5,2285.0
1273.3334,1352.6666,1352.0,1406.0,1846.5
662.5,1005.5,754.5,3284.0,2559.5
764.25,1070.0,891.0,3280.0,2946.375
706.0,761.3333,1766.0,2070.0,2954.5
763.6667,1080.6666,914.0,3243.0,2609.3333
899.8,1093.0,1005.5,2103.5,2143.0
2824.6667,2901.3333,2884.0,2976.0,3537.0
821.0,896.4583,1091.3334,1622.0,2118.0
1001.0,1172.0,1115.3334,2091.0,2167.5
1611.0,1714.0,1683.0,1838.0,1885.3334
934.6667,1099.0,1090.0,2056.0,2066.5
1213.5,1280.0,1281.0,1352.0,1872.5
1174.0,1350.0,1428.0,1732.6666,2357.5
1139.5,1194.0,1323.3334,1755.0,2231.8
694.75,1046.0,922.5,3508.0,2864.5
1002.1667,1063.0,1114.6666,1345.0,2166.5
749.375,1076.5,965.5,3296.1667,2734.5
1803.0,2159.1667,2158.5,2230.0,2488.2
1394.6666,1446.0,1465.0,1496.0,1591.0
1429.3334,1572.3334,1660.0,1702.0,1870.0
1353.3334,1431.1111,1428.0,1491.0,1751.5
342.0,508.33334,308.2,2998.0,1947.3334
1127.6,1112.0,1270.1666,1558.0,2445.0
729.5,1046.6666,887.25,3308.0,2629.0
1517.0,1728.5,1765.0,1806.1666,1791.0
683.75,1003.0,860.5,3608.1667,2664.8
761.5,1070.6666,965.0,3236.5,3023.0
1370.3334,1496.0,1551.0,1706.0,1811.5
1127.3334,1169.0,1487.0,1705.0,2476.25
1123.2,1168.0,1301.6666,1752.6666,2290.8
709.5,1054.0,921.0,3320.0,3082.0
1206.6666,1245.0,1286.5,1430.0,1728.125
711.0,995.0,822.6667,3464.3333,2892.0
1004.3333,1109.0,1150.0,1920.0,2379.3333
1394.0,1448.0,1477.0,1779.5,2436.6667
666.3333,963.0,784.0,3190.6667,2608.3333
731.5,1051.3334,918.5,3235.0,2658.25
1132.6666,1188.0,1219.5,1340.0,1542.5
1127.0,1208.0,1262.0,1410.0,2485.0
806.8889,872.0,953.8333,1290.6666,2102.0
1077.6,1095.5,1318.0,1500.0,2340.0
746.0,963.5,1659.0,2520.6667,2541.75
2614.0,2700.0,2692.0,2735.0,3378.75
1270.5,1233.0,1378.0,1636.0,2233.0
1011.6667,1152.6666,1116.6666,2086.5,2186.0
1465.5,1650.5,1784.8,1828.6666,1701.5
876.75,953.0,1094.5,2038.0,2405.3333
799.4167,1059.3334,946.5,3295.0,2889.0
1268.6666,1330.0,1576.0,1752.0,2443.0
1318.0,1426.0,1505.5,1599.3334,1766.0
1481.0,1678.0,1748.6666,1886.0,1960.5
397.0,575.1667,375.0,3353.375,1991.2
921.25,959.0,1120.0,1227.0,2104.0
368.75,543.5,376.5,3200.5,1991.0
1208.0,1249.0,1386.0,1636.0,2290.8
740.0,1050.6666,936.0,3248.0,2768.8
987.5,1166.5,1129.0,2076.1667,2203.5
1174.6666,1271.5,1266.0,1400.0,1764.5
1197.5834,1220.0,1568.6666,1855.3334,2434.6667
859.0,984.0,1224.0,1965.0,2339.25
811.5,925.5,2252.6667,2578.0,3669.5
1188.6666,1256.0,1389.3334,1692.5,2262.0
862.5,980.0,993.6667,2263.1428,2279.0
901.0,1177.0,1221.3334,2886.8,2932.0
1319.0,1412.0,1496.0,1657.0,1764.5
3900.3333,4058.5,4101.25,4042.0,5494.25
916.75,970.0,1144.0,1369.2,2301.0
884.0,1172.6666,1129.3334,3124.0,2994.0
1079.6,1149.25,1152.0,1238.3334,1687.4
949.0,1024.0,1077.0,1359.3334,2127.0
1096.6666,1090.6666,1109.3334,1421.5,2208.4375
983.0,1145.6666,1114.0,2116.0,2136.2
1604.0,1782.0,1803.75,1887.5,1943.25
1086.0,1158.5,1296.5,1677.0,2226.5
1063.3334,1079.5,1252.0,1506.4,2290.5
727.5,1097.5,900.0,3414.0,2634.0
708.5,1030.5,886.0,3307.5,2704.6667
1174.0,1138.0,1314.0,1606.0,2373.5
1381.2,1528.0,1588.0,1634.0,1604.5
1440.0,1573.0,1605.0,1688.5,1870.0
2153.0,2605.0,2486.6667,2800.0,2518.5
793.0,843.8,974.1667,1419.3334,2298.25
816.75,1134.0,1096.0,2989.2,3006.0
713.5,1097.3334,878.0,3346.0,2631.0
743.5,1063.3334,914.0,3198.0,2691.5
905.0,961.3333,1282.0,1584.0,2553.5
1264.4,1392.0,1423.6364,1769.5,2309.5
740.0,1066.0,1034.0,3268.0,2799.6667
745.0,835.0,949.5,1830.5,2156.0
853.25,1087.6,2190.8333,2508.0,2645.0
782.0,1093.0,914.5,3194.0,2667.0
697.8,1043.3334,845.3333,3283.0,2595.0
1029.3334,1098.8,1287.3334,1460.0,2301.0
1051.0,926.0,908.5,2216.3333,2054.0
1224.6666,1317.0,1376.8334,1670.0,2461.4167
1006.875,1055.3334,1247.0,1400.0,2167.5
1311.3334,1403.0,1517.5,1699.6666,2461.4167
1302.0,1368.0,1608.0,1804.25,2360.5
1393.0,1514.5,1584.3334,1634.1666,1760.375
379.2,553.5,395.0,2774.6667,1913.0
696.75,1061.5,892.5,3343.3333,2986.6667
683.875,1028.5,882.25,3369.75,2875.0
1190.0,1187.0,1378.0,1544.4,2198.0
907.0,1066.0,970.0,2140.0,2123.0
880.6,1130.5,1135.0,2494.5,2724.5
952.25,1066.0,979.0,1704.8,1991.8
1023.0,1066.6666,1130.0,1895.6666,2233.0
969.25,1114.0,1074.0,2038.3334,2220.0
850.125,1159.5,1121.5,2995.0,3006.0
2414.0,2454.3333,2542.0,2486.0,3332.0
375.16666,559.75,413.25,2839.0,1986.25
4135.0,4370.6665,4360.0,4257.6665,5463.0835
727.6667,1048.0,938.6667,3307.3333,2897.0
1062.6666,1066.0,1198.0,1450.8,2181.6667
1348.0,1526.4,1548.0,1668.0,1912.4
854.3333,901.75,970.0,1190.0,2343.25
1125.3334,1162.0,1363.0,1609.0,2464.0
1063.6,1210.0,1179.0,1957.3334,2042.0
682.0,1002.0,877.0,3374.0,2690.0
379.5,548.0,353.0,3021.0,1926.2
1064.6666,1128.4,1182.0,1251.5,1665.0
668.0,947.3333,740.0,3378.5,2332.0
917.5,1158.0,1206.5,2758.6667,2838.25
3740.0,3885.0,3920.5,3857.0,5298.5
595.0,649.6667,1635.0,1915.0,3498.0
399.0,606.0,392.875,3128.0,1818.5
714.3333,1042.6666,998.0,3152.8,2858.0
376.0,532.0,365.25,2710.0,1789.3334
2425.0,3019.0,2900.0,3091.0,2562.0
404.0,532.25,369.66666,2752.0,1920.8334
922.6667,1012.0,1068.0,1621.2,2211.6667
696.25,1046.0,836.0,3247.0,2663.5
967.0,993.0,1089.0,1254.0,2271.5
727.0,1064.0,867.3333,3379.0,2616.0
410.0,582.3333,381.0,3186.0,2042.75
1041.5,1098.5,1329.0,1528.5,2385.5
742.75,1056.5,867.0,3202.0,2659.1667
1061.0,1144.75,1135.0,1554.5,1797.0
1128.6666,1116.0,1218.0,1444.6666,2389.6667
614.0,652.5,1618.0,1898.0,3427.0
986.1667,1012.6667,1005.5,1140.6666,1461.5
1283.0,1466.0,1464.6666,1686.2,1798.3334
882.5,927.0,1050.6666,1286.0,2280.0
397.0,606.5,388.0,2981.3333,1969.0
1030.0,1161.0,1293.0,1864.0,2195.0
1055.0,1135.5,1160.0,1265.0,1584.25
1392.5,1509.0,1556.6666,1655.0,1825.2
370.66666,516.6667,350.25,3056.5,1888.9584
1217.0,1401.2,1580.0,1782.0,2485.0
714.5,1050.4,842.0,3293.5,2672.25
373.0,533.5,402.33334,2947.0,2040.0
700.5,1018.75,973.0,3121.25,2819.0
392.75,566.75,379.6,3120.0,1983.25
1276.6666,1370.0,1370.0,1444.6666,1885.3334
1000.4,1145.3334,1062.3334,1930.0,2032.5
1173.6,1092.8,1109.3334,1622.6666,2545.0
681.0,1011.5,818.3333,3430.6667,2598.5
1917.0,2370.0,2264.0,2617.0,2415.0
752.0,1088.0,949.5,3183.3333,2886.5
644.0,700.0,1716.4,1970.0,3427.0
951.5,934.5,940.75,1293.0,2114.0
1000.7143,1058.0,1197.0,1620.0,2120.0
662.75,1018.25,784.0,3244.6667,2649.0
388.0,561.0,370.0,3304.0,1975.25
775.5,1037.5,917.0,3318.5,2945.4167
378.0,553.0,353.5,3227.0,2010.0
1160.0,1210.8,1226.0,1255.3334,1591.0
905.6667,1060.0,1002.3333,2101.6,2032.0
701.0,1054.8334,831.5,3312.3333,2636.3333
373.66666,540.6667,347.4,3248.0,1990.4286
386.66666,562.8333,375.0,3396.0,2110.5
1664.25,1724.75,1772.0,1862.0,1806.1111
1204.8,1204.0,1282.0,1496.0,2167.5
828.5,1158.0,1076.0,2979.5,3014.0
3772.5,3927.0,3937.3333,3886.0,4601.25
1001.2,1106.0,1231.5,1706.0,2511.0
3963.0,4049.0,4095.0,4049.0,5483.5
1030.0,1094.8572,1135.3334,1197.5,1720.5
858.0,1139.0,1081.0,3110.0,2954.5
814.0,1121.3334,1017.0,3188.0,2981.5
3857.0,4013.3333,4049.0,4054.0,5505.0
923.25,1076.0,993.8333,2084.4,2163.8333
979.5,1057.25,1160.6666,2004.0,2269.5
800.0,977.3333,1910.0,2057.0,2544.75
4043.0,4331.0,4272.0,4188.0,5132.6665
949.6667,1101.0,1057.0,1989.3334,1976.0
349.0,555.0,332.0,3362.0,2005.25
971.0,1026.0,1264.0,1548.0,2244.6
912.5,976.6667,1187.3334,1465.4,2298.25
1510.6666,1572.6666,1605.3334,1928.0,2436.6667
915.75,963.6667,1244.6666,1912.5,2484.0
897.625,1089.0,997.75,2119.5,2143.0
694.5,865.0,1797.0,2056.0,2351.5
732.6667,1060.0,891.5,3238.0,2686.0
1337.0,1384.0,1409.0,1461.0,1863.0
4166.6665,4322.0,4366.6665,4205.3335,5474.5
887.0,1058.0,982.5,1988.3334,2003.0
1156.25,1273.0,1289.0,1367.5,1604.5
1232.0,1356.6666,1447.5,2121.0,2385.375
377.75,591.0,402.33334,3110.25,1974.3334
770.75,890.0,1879.0,2182.0,3669.5
4037.0,4219.0,4188.0,4097.8335,5103.6665
688.0,1032.0,881.3333,3476.0,2868.0
364.5,549.75,380.25,3078.0,1983.5416
903.5,1070.3334,974.875,2113.5,2112.75
652.5,1028.0,804.75,3222.0,2663.5
624.25,936.25,682.5,3501.3333,2547.0
1258.0,1335.2,1400.4,1496.0,1799.5
1477.3334,1556.5,1566.0,1654.6666,1846.5
1086.0,1093.3334,1336.8,1656.0,2232.2
385.75,542.0,363.0,3243.3333,1982.875
719.6,1063.4286,860.6667,3246.0,2666.3333
918.0,1012.0,1220.0,1764.0,2408.0
1014.0,1019.5,1001.5,1209.5,1592.5
1013.8333,1114.0,1244.5,1545.0,2045.0
938.0,1045.6666,980.0,1803.0,2268.5
788.2,954.0,2340.0,2618.0,3189.0
969.6667,985.3333,1131.5,1495.0,2429.0
685.75,987.5,817.0,3499.1667,2728.5
712.5,1048.6666,850.0,3074.0,2566.3333
1242.0,1286.0,1343.75,1490.0,1802.0
910.0833,1078.1666,1002.3333,2073.0,2077.0
652.6,734.0,1848.6666,2149.0,3498.0
1206.0,1265.0,1498.0,1638.0,2318.25
780.3,1129.0,1003.25,3286.0,2975.25
806.8333,1070.0,1001.6667,2970.0,2501.6667
983.0,1111.5,1063.0,2108.5,2094.9666
1283.0,1401.2,1654.0,1848.0,2514.25
900.0,939.6667,1101.3334,1416.0,2226.0
968.0,1060.0,1149.0,1607.5,2118.0
776.3333,915.0,2218.0,2439.7144,3986.25
835.0,922.0,1169.0,1879.0,2356.5
968.5,1252.0,1289.0,2774.0,2943.1667
1142.0,1241.3334,1369.0,1656.0,2490.0
900.25,1190.0,1174.0,2982.0,3026.0
1172.0,1160.5,1436.6666,1682.0,2322.5
397.2,597.5,390.0,3441.0,2087.6667
1156.25,1273.0,1289.0,1367.5,1604.5
1029.3334,1082.0,1189.0,1383.2,2301.0
1516.4,1640.0,1651.5,1730.0,1771.0
983.8,1138.0,1118.0,2167.0,2104.0
380.0,551.5,371.33334,3004.5,2006.625
763.0,1124.0,913.0,3412.6667,2723.0
631.75,771.5,691.5,2292.0,2169.25
1272.0,1351.3334,1338.6666,1440.0,1688.3334
808.5,805.5,843.6667,1108.0,2139.2
406.0,586.0,429.0,2739.0,1978.0
1177.3334,1255.5,1288.6666,1427.0,1833.0
362.0,459.33334,330.75,2371.0,1656.8
749.5,1040.6666,885.5,3305.6667,2892.0
698.5,1046.0,917.6667,3342.0,2829.25
4204.0,4419.0,4368.0,4236.5,5530.0
1003.0,1068.0,1288.0,1514.0,2135.0
921.5,1074.5,951.8333,2069.0,2027.75
1096.5,1169.0,1418.0,1703.2,2279.0
1123.6,1190.8,1577.3334,1785.0,2264.3333
873.5,997.0,1038.0,2092.0,2391.75
932.0,1090.6666,1050.6666,2068.0,2151.2
1420.0,1517.6666,1512.5,1605.0,1867.625
1324.0,1497.5,1650.5,1860.0,2354.5
683.5,1022.625,840.0,3223.0,2636.3333
1230.0,1279.0,1303.0,1363.0,1799.25
644.25,1013.75,771.5,3213.0,2567.5
418.75,530.0,397.66666,2568.0,1818.5
689.75,1040.2,851.0,3253.0,2681.0
1288.8,1369.0,1394.0,1508.0,1779.0
1538.0,1766.0,1847.0,2024.0,1925.0
3301.3333,3436.0,3512.0,3526.6667,5079.0
3019.2,3128.5,3180.0,3100.4,5243.0
946.0,1098.0,1080.0,2134.0,2166.5
1978.0,2420.0,2380.6667,2646.0,2568.0
782.0,1037.5,902.3333,3191.0,2750.5
1048.0,1104.0,1131.6,1398.5,2321.5
730.0,1067.3334,881.0,3270.0,2746.5
665.5,1031.5,923.1667,3357.3333,3152.6667
998.75,1113.6,1251.0,1812.5,2231.8
1416.5,1469.8334,1467.3334,1559.0,1803.6666
1073.0,1173.5,1116.0,1766.0,1926.3334
747.5,1107.2,909.0,3413.0,2748.0
701.3333,1060.0,952.5,3385.3333,2998.0
1349.3334,1409.0,1498.6666,1778.0,2666.0
962.6667,1092.6666,1035.0,1876.0,1945.8
1009.0,1034.5,1166.0,1305.0,2104.0
765.3333,1049.0,929.5,3255.3333,2886.75
2224.8333,2755.0,2650.0,3014.0,2555.0
1008.0,1135.5,1183.8334,1407.5,2102.0
1111.5,1166.5,1472.6666,1885.3334,2624.9583
386.0,580.0,347.25,3170.0,1878.1428
1637.3334,1977.0,1971.3334,2468.6667,2419.0
418.6,596.5,444.0,2602.0,1993.0
796.5,1109.75,920.3333,3247.625,2822.0
704.75,977.0,808.0,3429.0,2884.5
1325.0,1448.0,1508.6666,1624.0,1790.0
994.125,1068.0,1206.0,1544.5,2365.5
811.5,907.25,1717.3334,2126.0,2310.6667
708.75,983.0,866.75,3343.6667,2696.0
732.25,1079.0,940.0,3394.0,2608.5
1291.0,1401.5,1493.5,1572.5,1749.75
3806.3333,4017.6667,4014.0,3967.0,5274.375
674.0,1007.0,825.0,3534.0,2664.8
1524.6666,1603.5,1636.0,1687.0,1672.4
1031.6,1063.0,1294.0,1448.8,2130.0
953.0,1090.0,995.0,2022.3334,2020.3334
1329.3334,1420.6,1614.25,1853.0,2635.0
926.125,938.75,1175.5,1422.5,2280.0
3799.3333,3960.0,3977.6667,3949.0,5023.0
984.5,1108.0,1216.0,1597.55,2135.0
336.0,470.75,308.25,2414.0,1704.5834
975.25,1070.5,1092.6666,1670.75,2321.5
1181.0,1230.5,1286.6666,1680.5,2207.375
774.0,1048.0,900.0,3174.0,2594.0
1048.0,1058.0,1058.6666,1327.6666,2167.5
944.5833,1209.3334,1189.0,2803.3333,2958.1428
1143.6,1160.0,1337.0,1492.6666,2279.0
645.2,872.0,1385.3334,2918.0,2337.3333
3854.0,4053.0,4044.5,3940.0,5079.0
743.0,1030.0,912.8333,3374.5,2945.4167
969.0,1147.3334,1092.0,2298.0,2167.5
726.5,1010.0,853.0,3286.0,2750.5
3401.0,3584.0,3600.0,3707.0,4979.3335
1288.6666,1433.5,1559.5,1816.0,2519.5
1006.3333,1156.5,1112.0,2234.0,2176.75
1374.5,1489.0,1559.0,1704.6666,1825.3334
789.25,1088.0,934.5,3224.0,2930.75
935.2857,1082.0,1036.0,1848.75,1879.5
432.5,633.6667,444.6,2683.3333,2006.25
656.125,1026.6666,824.0,3161.5,2663.5
379.0,599.0,391.0,3117.0,2002.1666
1009.5,1171.2,1093.2,2052.0,2115.0
1325.5,1424.0,1662.1666,1897.0,2655.5
1593.3334,1678.75,1702.0,1800.0,1853.5
680.0,1019.0,753.0,3279.0,2564.0
1020.0,1170.0,1139.0,2089.0,2197.2
1091.3334,1163.5,1278.0,1754.0,2262.0
934.0,1006.0,1271.0,1454.0,2135.0
788.5,920.5833,2209.0,2508.5,2951.5
328.0,474.0,306.0,2315.3333,1665.0
969.25,1030.0,1368.5,1702.6666,2453.0
803.375,1096.0,973.5,3206.6667,2902.0
751.25,858.6667,1881.0,2231.3333,2926.5
947.0,1108.0,1040.0,2106.6667,2044.7
1144.5,1269.0,1368.0,1781.0,2354.5
1374.5,1457.0,1680.5,1906.5,2525.4583
1661.0,1800.0,1826.0,1870.0,1911.0
894.1667,1047.0,989.0,2061.6667,1968.5
955.1667,1123.0,1081.0,2037.2,2169.3333
388.25,531.0,355.0,3024.0,1925.5
2313.2,2900.0,2852.0,3048.0,2449.3333
956.5,1036.0,1178.0,1367.0,2198.0
905.6667,981.0,1160.0,1380.8,2124.5
1207.5,1310.0,1335.0,1415.5,1799.5
940.75,1096.5,1011.75,1976.0,2063.25
401.0,591.5,396.0,3339.3333,1970.0
377.5,509.0,374.5,2724.0,1754.6
1072.3334,1165.0,1303.0,1808.0,2199.5
363.0,557.0,397.25,2792.0,2040.0
893.8333,1054.0,1225.0,2071.3333,2391.75
1529.0,1749.0,1850.0,1961.0,1960.5
1023.25,980.5,1018.5,1470.0,2299.75
402.5,528.375,372.5,2580.4,1765.25
1325.5,1424.0,1662.1666,1897.0,2655.5
992.5417,1085.6666,1229.0,1839.1666,2275.0
1118.5,1068.0,1122.0,1482.0,2299.75
354.0,524.5,354.66666,3421.6667,1982.5834
3864.6667,4060.0,4017.0,4048.5,5274.375
1150.3334,1249.5,1327.5,1711.0,2412.5
717.0,1076.3334,893.5,3286.0,2652.0
1025.0,1113.0,1222.8334,1916.2667,2228.0
837.5,981.2,1130.0,2092.0,2118.6667
4239.0,4400.0,4414.0,4256.3335,5103.6665
1175.5,1286.3334,1289.2,1428.0,1724.2
853.3333,950.7,1097.0,2138.5,2339.25
1018.6,1050.0,1069.0,1100.5,1393.0416
3815.3333,4012.5,4071.0,3949.0,5287.75
1175.0,1180.3334,1367.0,1525.4,2332.8333
904.8,1049.0,1050.0,1749.0,2085.25
843.0,937.8333,1008.75,1500.5,2120.0
404.5,596.0,411.2,3012.0,1831.25
1516.0,1525.3334,1618.6666,1735.0,1923.5
1166.0,1229.0,1482.0,1748.0,2410.3333
1059.0,996.0,1242.6666,1830.6666,2484.0
420.5,579.5,426.0,3050.5,1919.5
1155.5,1272.5,1361.0,1468.5,1701.5
976.75,1165.0,1127.5,2083.5,2203.5
1191.3334,1300.0,1337.0,1473.0,1804.0
358.91666,501.0,344.375,2938.5,1928.0
818.0,891.0,1005.6667,1278.0,2282.1667
938.5,1032.0,1152.6666,1674.0,2407.25
728.75,1048.0,841.25,3266.25,2615.8
688.0,1051.5,850.6667,3209.3333,2582.0
365.41666,575.0,396.5,3147.0,2046.0
369.5,554.0,346.5,3295.0,1943.125
709.3333,994.0,843.5,3181.6667,2641.6667
365.0,529.6,363.0,2574.0,1765.25
740.7917,1090.8,948.5,3441.0,2703.6
843.6667,1009.0,1843.1666,2039.5,2560.0417
1278.5,1394.25,1433.0,1600.5,1742.5
723.5,891.6667,1932.8,2196.0,2390.5
1030.0,1076.5,1084.0,1178.0,1447.2
1120.75,1245.3334,1422.0,1688.0,2570.125
741.6667,1078.6666,843.0,3393.0,2657.5
936.0,1074.0,1036.0,2424.0,2169.25
1251.5,1288.0,1306.0,1432.5,1799.25
363.5,521.75,348.0,3189.0,1907.3334
4165.0,4417.0,4360.0,4216.4,5474.5
889.0,1187.0,1136.0,3063.5,2747.0
822.8,937.3333,2030.1666,2491.75,2490.0
713.0,1062.3334,822.25,3352.6667,2642.6667
861.75,1141.6,1112.6666,2674.25,2724.5
798.3333,974.0,1972.0,2130.0,2541.75
964.7143,1020.0,1234.5,1385.0,2423.0
1095.5,1161.3334,1291.0,1546.0,2409.0
1287.6666,1289.3334,1343.5,1737.1666,2539.0
1057.0,1190.6666,1134.5,1704.6666,2016.875
4043.0,4331.0,4272.0,4188.0,5132.6665
1346.6666,1482.0,1493.5,1590.0,1769.25
890.0,1033.5,922.0,2173.0,1963.0
919.0,931.5,1092.0,1318.5,2130.0
887.4,923.0,1130.0,1462.0,2225.0
1337.0,1446.0,1480.0,1582.0,1739.3334
3598.6667,3862.5,3851.0,3826.5,5483.5
1173.5,1129.0,1207.0,1460.8,2392.3333
993.5,1085.2,1168.0,1656.5,2184.0
802.5,1069.0,919.2,3306.6667,2889.0
1207.6,1336.0,1376.0,1470.0,1499.5
1208.6666,1318.4,1333.0,1462.0,1813.4
390.5,593.0,394.5,2774.0,2011.3334
1219.5,1300.0,1360.0,1461.3334,1833.0
962.5,1064.0,1237.0,2119.0,2506.25
924.0,977.5,1052.6666,1302.0,2139.2
358.16666,538.5,386.0,3034.0,2052.0
1206.0,1251.0,1408.6666,1887.0,2506.5
947.0,1092.0,1049.2,1911.5,2053.0
925.6667,968.25,1084.0,1386.0,2103.5
1523.5,1653.0,1704.0,1761.0,1953.875
678.0,1041.0,910.1667,3296.0,3049.6667
1177.5,1297.0,1416.0,1711.0,2635.0
558.0,901.0,635.0,3306.8,2332.0
377.25,620.5,455.0,2928.0,1965.0
376.5,525.0,340.5,3141.0,1897.0
361.0,584.0,364.2,3640.0,2040.5
1276.0,1306.6666,1404.0,1894.0,2119.3333
785.0,1118.0,971.8333,3226.0,2981.5
936.25,1092.0,1028.0,2288.5,2115.0
1126.6666,1258.6666,1384.0,1854.0,2498.5
955.25,1226.0,1232.0,2857.0,2994.0
720.1667,1052.75,894.0,3248.0,2746.5
1556.4,1733.2,1782.6666,2070.8,2488.2
697.0,1062.6666,786.0,3228.0,2576.25
695.0,1044.0,798.0,3233.0,2466.0
1732.0,1878.4,1910.5,1946.5,1846.5
859.0,888.6667,1003.5,1238.6666,2273.6667
731.0,1036.0,862.0,3432.0,2625.0
951.6,1001.25,1007.5,1093.0,1439.25
887.0,929.75,1059.2,1267.25,2423.0
742.5,1032.0,872.6667,3268.0,2909.0
1476.5,1643.0,1668.0,1820.0,1811.5
1192.0,1263.5,1246.1428,1440.3334,1742.5
383.0,554.6667,364.25,2951.0,2006.125
1292.0,1464.0,1509.0,1645.5,1806.25
1398.6666,1601.5,1619.0,1698.0,1773.0
1003.6,1161.0,1122.6666,2073.8333,2185.0
1427.0,1495.1428,1556.0,2297.0,2441.0
1004.3333,1109.0,1150.0,1920.0,2379.3333
726.8333,1039.3,1021.5,3218.6667,2858.0
388.0,596.0,402.0,3088.0,2057.1667
981.0,1021.0,1099.0,1335.0,2166.5
894.0,1190.0,1154.0,3009.0,2994.0
2918.0,3112.0,3091.0,3032.5,4741.5
746.6667,1092.0,879.0,3479.3333,2700.6
924.5,1065.0,995.5,1990.0,2070.0
1183.6,1268.6666,1302.6666,1448.0,1803.5
994.6667,1165.0,1099.0,2073.0,2115.0
869.2,908.0,1077.0,1354.6666,2273.6667
1206.0,1284.6666,1384.0,1623.0,2235.6667
768.0,1074.0,994.0,3340.25,2959.3333
686.5,1004.2,905.5,3390.5,2857.5
1353.3334,1455.0,1448.0,1528.8,1642.1428
1112.0,1131.0,1332.0,1524.0,2254.0
1454.0,1596.0,1656.0,1751.0,1813.4
1604.0,1652.5,1684.0,1833.0,1962.4
713.75,1079.0,886.5,3321.5,2584.5
1543.3334,1643.3334,1676.0,1734.6666,1803.6666
396.75,627.5,365.0,3159.3333,1878.1428
1106.0,1214.3334,1597.6666,1963.3334,2511.0
363.66666,578.5,381.5,3405.5,1961.3334
920.0,980.3333,992.25,1525.5,2212.3333
1170.5,1206.0,1259.0,1295.5,1806.1111
669.0,722.3333,1831.2,2182.6667,3114.75
859.0,984.0,1224.0,1965.0,2339.25
1096.4,1121.0,1114.6666,1181.0,1561.5
3462.0,3628.0,3626.0,3628.3333,4997.0
1070.7,999.5,1175.3334,1399.5,2280.0
693.75,1026.8,958.7,3293.6667,2944.7144
923.0,950.0,1198.0,1557.2,2239.3333
1174.0,1305.0,1442.0,1698.0,2271.5
710.0,1013.0,890.3333,3510.5,2741.0
386.66666,518.5,365.0,2953.3333,1879.6666
354.33334,525.0,354.75,3138.0,2006.0
758.2,1095.6,988.0,3379.0,2728.0
646.0,949.0,726.0,3446.5,2547.0
747.3333,1075.0,937.5,3364.5,2695.5
719.375,1058.8,902.0,3374.2856,2677.8
721.0,1092.0,906.0,3348.0,2715.0
741.5,859.0,844.75,1736.6666,2207.5417
1223.5,1270.6666,1336.4,1398.6666,1766.0
758.0,1068.0,901.0,3346.6667,2871.0
3950.0,4241.0,4170.6665,3982.8,5584.0
1078.0,1155.0,1227.0,1613.0,2254.25
395.5,574.0,413.33334,3078.0,2097.25
661.3333,1029.6,792.0,3218.8,2560.6667
971.5,1076.0,1204.5,2019.5,2497.0
1246.0,1222.0,1417.5,1687.3334,2545.0
1007.1667,1156.0,1124.0,1952.5,2055.8333
938.2,1061.0,996.6667,2016.0,2020.3334
1480.0,1660.0,1720.0,1767.0,1779.0
1174.5,1212.0,1273.0,1431.3334,2341.0
993.0,1187.0,1106.0,2320.0,2197.4
957.5,1098.5,1039.8334,2214.6667,2084.8
3706.0,3876.0,3920.0,3852.0,4829.5
1865.0,2261.0,2203.0,2576.0,2568.0
1189.3334,987.6667,988.5,1549.6666,2299.75
1082.4,1126.5,1439.0,1636.0,2456.5
730.25,1091.0,970.5,3203.0,3036.1667
1111.0,1162.4,1563.0,1781.5,2264.3333
1002.5,1155.0,1115.3334,2217.5,2169.3333
1249.6666,1382.0,1447.0,1833.3334,2032.6666
383.5,550.1667,372.5,2679.0,1883.5
887.4,947.0,1020.0,1226.0,2135.0
416.5,628.0,443.0,3013.5,2061.8
352.66666,528.0,329.5,2945.0,1930.3334
388.66666,565.0,402.0,3133.0,2097.25
1090.0,1144.0,1269.0,1956.0,2308.6667
922.2,1003.0,963.0,1232.0,1480.0
1067.0,1130.0,1261.3334,1445.0,2470.0
4073.0,4201.6,4180.0,4114.0,4973.0
692.3333,1043.0,843.5,3297.0,2636.3333
1170.5,1206.0,1259.0,1295.5,1806.1111
379.66666,571.0,362.2,2866.0,1864.0
951.75,1002.0,1019.0,1586.0,2360.3333
803.5,945.0,2358.0,2644.8,3986.25
361.0,549.5,345.66666,3008.0,1916.5
795.6667,933.5,1051.3334,1942.0,2351.0
1037.0,1074.0,1116.0,1766.5,2276.0
736.5,1067.2,928.5,3374.0,2711.0
1160.0,1258.0,1349.0,2090.6667,2405.3333
1001.75,1138.0,1091.0,1878.0,2053.0
357.0,497.0,339.75,2570.0,1656.8
371.5,577.6667,349.0,2954.0,1972.0
803.375,1096.0,973.5,3206.6667,2902.0
740.6667,1090.0,874.0,3338.0,2694.0
3799.3333,3960.0,3977.6667,3949.0,5023.0
708.75,1043.0,864.4167,3413.0,2805.8
1224.5,1318.0,1422.0,2106.0,2506.5
1446.0,1610.0,1616.0,1738.0,1781.8
3568.3333,3766.0,3820.8572,3604.6667,4861.8335
1130.0,1158.4,1163.5,1222.4286,1744.75
731.0,1097.2,924.0,3394.0,2776.0
383.0,500.33334,362.5,2486.0,1656.8
353.66666,547.5,355.33334,3107.0,1962.0
775.5,869.0,914.0,1866.0,2120.0
1031.5,1132.3334,1151.8334,2129.3333,2232.0
1574.0,1816.0,1834.0,1973.0,2181.0
930.0,1028.6666,1132.0,1339.0,2264.0
1611.3334,2074.0,2054.5715,2485.0,2568.0
368.16666,547.0,369.66666,3267.25,2034.4166
940.875,1043.5,1089.5,2039.5,2379.3333
745.0,1074.6666,867.5,3412.0,2707.5
371.5,508.0,347.66666,2806.0,1827.0
821.1667,955.0,2284.0,2570.0,3565.0
666.0,972.0,819.0,3407.6,2551.5
676.25,970.25,840.0,3408.0,2690.0
964.0,1116.0,1094.0,2084.6667,2220.0
3727.3333,4054.0,4044.5,3953.6,5132.6665
347.0,507.33334,339.0,3148.5,1881.3334
4103.0,4258.0,4281.6665,4114.4,5679.75
350.5,517.75,334.25,3076.3333,1916.5
696.5,1012.8,875.25,3308.0,2649.0
1222.0,1335.3334,1362.0,1384.75,1817.0
734.5,1035.2,954.75,3337.5,2742.5
389.0,612.0,384.0,3094.0,1864.4
995.0,1155.3334,1114.0,2227.3333,2151.2
952.3333,1032.0,1133.0,1332.0,2343.25
708.3333,1043.0,863.0,3172.8,2614.0
745.3333,1079.0,949.0,3280.6667,2728.6667
1285.0,1342.5,1418.6666,1584.2142,2243.5
893.25,1030.5,964.0,2195.3333,1992.5
1239.6,1303.0,1318.5,1413.3334,1803.6666
391.0,578.0,389.33334,3024.0,1926.0
1210.6666,1304.0,1283.0,1502.0,1736.25
4054.0,4330.0,4340.0,4248.0,5112.0
1107.5,1120.8334,1276.0,1584.5,2288.0
963.5,1115.3334,1041.0,2202.0,2084.8
744.6667,1080.0,916.5,3404.0,2608.5
1144.4,1203.3334,1202.0,1255.0,1642.1428
1074.5,1112.0,1148.6666,1497.0,2103.5
1143.3334,1242.0,1159.5,2192.0,2559.5417
390.66666,562.6667,368.0,2833.6667,1832.0
1184.5,1258.0,1284.3334,1395.0,1676.0
789.0,914.0,2220.0,2439.25,3986.25
910.0,1204.6666,1224.6666,2763.75,2705.1667
922.125,958.0,987.4,2194.5,2054.0
364.25,562.5,381.0,2918.0,2006.4
1284.0,1379.0,1414.0,1526.5,1900.0
1071.2,1096.0,1085.5,1156.5,1672.4
404.5,562.75,371.83334,3023.6667,1906.5834
717.0,1057.0,881.6667,3280.4,2642.6667
999.0,1104.1666,1166.5,1691.0,2365.5
1385.0,1454.1,1565.0,1972.0,2464.4167
1040.0,1051.0,1353.0,1560.6666,2434.6667
1017.25,1134.0,1218.8,1846.0,2216.5
1393.5,1391.8334,1485.3,1667.3334,2431.5
361.5,529.0,331.6,3178.0,1907.3334
1082.0,1174.6666,1282.0,1491.0,2282.1667
993.05,1052.0,1321.0,1718.0,2332.75
995.3333,1154.0,1122.0,2105.0,2185.0
350.75,519.5,321.33334,3041.5,2005.25
969.7143,1114.0,1088.0,2120.5,2217.5
350.0,542.0,323.0,3277.0,1975.3334
1030.5,1086.0,1090.0,1172.0,1427.3334
347.0,512.0,338.0,2786.6667,1722.0
747.0,1080.0,905.5,3399.3333,2776.0
936.1429,970.0,1100.6666,1722.0,2190.0
980.6667,1124.0,1058.0,2321.0,2115.0
906.0,1012.3333,2008.6666,2514.0,3340.5
1206.0,1336.5,1637.3334,1878.0,2296.5
3502.0,3733.3333,3729.3333,3635.0,5083.0
951.15,1017.6,1046.0,1830.3334,2179.0
1031.0,1082.0,1126.0,1498.0,2251.0
384.5,560.75,355.0,2857.0,1835.4
1016.8333,1081.0,1294.0,1534.0,2360.5
756.75,1110.8,939.1667,3298.0,2902.0
344.5,473.25,323.75,2410.6667,1732.3334
402.0,549.0,389.66666,2834.0,1845.75
1460.4,1537.5,1530.8,1608.5,1911.0
382.5,550.25,371.5,3013.3333,1941.25
964.5,928.0,1075.5,1359.0,2345.6667
862.0,1151.5,1166.0,3009.5,2933.375
418.33334,563.0,409.0,2886.0,1899.5
1151.5,1269.5,1359.5,2194.5,2308.6667
1365.3334,1462.0,1670.0,1766.6666,2519.5
388.0,616.0,385.25,3086.0,1942.75
388.25,531.0,355.0,3024.0,1925.5
403.91666,553.25,394.75,2806.5,1919.5
2135.0,2644.5,2550.0,2953.6,2391.5
742.8,1062.0,995.0,3244.0,2708.6667
1181.0,1302.0,1448.6666,1902.125,2498.5
926.0,1084.6666,1000.0,2127.1667,2151.5
389.0,588.5,396.33334,3219.0,1993.0
382.6,571.4,379.75,2853.3333,1883.5
731.0,1005.5,884.5,3340.5,2865.0
384.5,572.5,392.0,3023.3333,1990.0
862.0,1158.0,1127.0,2993.9167,2988.0
1063.5,1116.0,1244.0,1636.5,2275.0
1078.5,1124.0,1139.0,1225.0,1541.75
1356.0,1464.4,1478.0,1617.5,1811.5
915.0,974.0,1032.5,1969.0,2238.0
3530.0,3653.0,3688.0,3624.0,4829.5
1038.3334,1100.6666,1291.0,1650.75,2476.75
984.5,1108.0,1216.0,1597.55,2135.0
1078.3334,1223.0,1240.0,2194.6667,2055.6667
1552.5,1688.0,1689.5,1744.4,1688.3334
965.5,1066.3334,1164.0,1690.0,2156.0
